atom_num_X,symbol_X,mass_X,period_X,group_X,stable_phase_X,atomic_radius_X,negativity_X,density_X,tot_val_X,s_val_X,p_val_X,d_val_X,f_val_X,atom_num_Y,symbol_Y,mass_Y,period_Y,group_Y,stable_phase_Y,atomic_radius_Y,negativity_Y,density_Y,tot_val_Y,s_val_Y,p_val_Y,d_val_Y,f_val_Y,atom_num_Z,symbol_Z,mass_Z,period_Z,group_Z,stable_phase_Z,atomic_radius_Z,negativity_Z,density_Z,tot_val_Z,s_val_Z,p_val_Z,d_val_Z,f_val_Z,ratio_XY,ratio_XZ,ratio_YZ,lat_type,lat,x1_mag,x2_mag,y_mag,z_mag,tot_mag,tot_en,formula,num_valence
25,Mn,54.938045,4,7,bcc,1.8,1.55,7.44,7.0,2.0,0.0,5.0,0.0,25,Mn,54.938045,4,7,bcc,1.8,1.55,7.44,7.0,2.0,0.0,5.0,0.0,5,B,10.811,2,13,rho,1.2,2.04,2.34,3.0,2.0,1.0,0.0,0.0,1.0,1.5,1.5,l21,5.3873901863,-1.025,-1.025,2.053,0.069,0.071,-33.44839522,Mn2MnB,24.0
25,Mn,54.938045,4,7,bcc,1.8,1.55,7.44,7.0,2.0,0.0,5.0,0.0,25,Mn,54.938045,4,7,bcc,1.8,1.55,7.44,7.0,2.0,0.0,5.0,0.0,5,B,10.811,2,13,rho,1.2,2.04,2.34,3.0,2.0,1.0,0.0,0.0,1.0,1.5,1.5,xa,5.3873301886,2.053,-1.025,-1.025,0.069,0.071,-33.44838806,Mn2MnB,24.0
25,Mn,54.938045,4,7,bcc,1.8,1.55,7.44,7.0,2.0,0.0,5.0,0.0,25,Mn,54.938045,4,7,bcc,1.8,1.55,7.44,7.0,2.0,0.0,5.0,0.0,13,Al,26.9815386,3,13,fcc,1.8,1.61,2.698,3.0,2.0,1.0,0.0,0.0,1.0,1.0,1.0,l21,5.7873147458,-1.393,-1.393,2.773,0.022,0.01,-31.20748376,Mn2MnAl,24.0
25,Mn,54.938045,4,7,bcc,1.8,1.55,7.44,7.0,2.0,0.0,5.0,0.0,25,Mn,54.938045,4,7,bcc,1.8,1.55,7.44,7.0,2.0,0.0,5.0,0.0,13,Al,26.9815386,3,13,fcc,1.8,1.61,2.698,3.0,2.0,1.0,0.0,0.0,1.0,1.0,1.0,xa,5.7870244518,2.773,-1.393,-1.393,0.022,0.01,-31.20747045,Mn2MnAl,24.0
25,Mn,54.938045,4,7,bcc,1.8,1.55,7.44,7.0,2.0,0.0,5.0,0.0,25,Mn,54.938045,4,7,bcc,1.8,1.55,7.44,7.0,2.0,0.0,5.0,0.0,31,Ga,69.723,4,13,orth,1.8,1.81,5.907,3.0,2.0,1.0,10.0,0.0,1.0,1.0,1.0,l21,5.8144032672,1.523,1.523,-2.995,-0.048,0.002,-30.11966538,Mn2MnGa,24.0
25,Mn,54.938045,4,7,bcc,1.8,1.55,7.44,7.0,2.0,0.0,5.0,0.0,25,Mn,54.938045,4,7,bcc,1.8,1.55,7.44,7.0,2.0,0.0,5.0,0.0,31,Ga,69.723,4,13,orth,1.8,1.81,5.907,3.0,2.0,1.0,10.0,0.0,1.0,1.0,1.0,xa,5.814423396,-2.995,1.523,1.523,-0.048,0.002,-30.11966626,Mn2MnGa,24.0
25,Mn,54.938045,4,7,bcc,1.8,1.55,7.44,7.0,2.0,0.0,5.0,0.0,25,Mn,54.938045,4,7,bcc,1.8,1.55,7.44,7.0,2.0,0.0,5.0,0.0,49,In,114.818,5,13,tet,2.0,1.78,7.31,3.0,2.0,1.0,10.0,0.0,1.0,0.9,0.9,l21,6.2944356452,3.133,3.133,-3.563,-0.104,2.599,-28.50653004,Mn2MnIn,24.0
25,Mn,54.938045,4,7,bcc,1.8,1.55,7.44,7.0,2.0,0.0,5.0,0.0,25,Mn,54.938045,4,7,bcc,1.8,1.55,7.44,7.0,2.0,0.0,5.0,0.0,49,In,114.818,5,13,tet,2.0,1.78,7.31,3.0,2.0,1.0,10.0,0.0,1.0,0.9,0.9,xa,6.2938787493,-3.563,3.132,3.132,-0.104,2.596,-28.50655644,Mn2MnIn,24.0
25,Mn,54.938045,4,7,bcc,1.8,1.55,7.44,7.0,2.0,0.0,5.0,0.0,25,Mn,54.938045,4,7,bcc,1.8,1.55,7.44,7.0,2.0,0.0,5.0,0.0,14,Si,28.0855,3,14,fcc,1.5,1.9,2.3296,4.0,2.0,2.0,0.0,0.0,1.0,1.2,1.2,l21,5.6426198901,-0.806,-0.806,2.552,0.045,0.986,-33.68980771,Mn2MnSi,25.0
25,Mn,54.938045,4,7,bcc,1.8,1.55,7.44,7.0,2.0,0.0,5.0,0.0,25,Mn,54.938045,4,7,bcc,1.8,1.55,7.44,7.0,2.0,0.0,5.0,0.0,14,Si,28.0855,3,14,fcc,1.5,1.9,2.3296,4.0,2.0,2.0,0.0,0.0,1.0,1.2,1.2,xa,5.6422874937,2.551,-0.805,-0.805,0.045,0.986,-33.68978171,Mn2MnSi,25.0
25,Mn,54.938045,4,7,bcc,1.8,1.55,7.44,7.0,2.0,0.0,5.0,0.0,25,Mn,54.938045,4,7,bcc,1.8,1.55,7.44,7.0,2.0,0.0,5.0,0.0,32,Ge,72.64,4,14,fcc,1.5,2.01,5.323,4.0,2.0,2.0,10.0,0.0,1.0,1.2,1.2,l21,5.758060437,-0.927,-0.927,2.766,0.052,0.964,-31.90419657,Mn2MnGe,25.0
25,Mn,54.938045,4,7,bcc,1.8,1.55,7.44,7.0,2.0,0.0,5.0,0.0,25,Mn,54.938045,4,7,bcc,1.8,1.55,7.44,7.0,2.0,0.0,5.0,0.0,32,Ge,72.64,4,14,fcc,1.5,2.01,5.323,4.0,2.0,2.0,10.0,0.0,1.0,1.2,1.2,xa,5.7580282097,2.766,-0.927,-0.927,0.052,0.964,-31.90419678,Mn2MnGe,25.0
25,Mn,54.938045,4,7,bcc,1.8,1.55,7.44,7.0,2.0,0.0,5.0,0.0,25,Mn,54.938045,4,7,bcc,1.8,1.55,7.44,7.0,2.0,0.0,5.0,0.0,50,Sn,118.71,5,14,tet,1.7,1.96,7.287,4.0,2.0,2.0,10.0,0.0,1.0,1.0588235294117647,1.0588235294117647,l21,6.0383165804,-1.122,-1.122,3.142,0.043,0.941,-30.20344623,Mn2MnSn,25.0
25,Mn,54.938045,4,7,bcc,1.8,1.55,7.44,7.0,2.0,0.0,5.0,0.0,25,Mn,54.938045,4,7,bcc,1.8,1.55,7.44,7.0,2.0,0.0,5.0,0.0,50,Sn,118.71,5,14,tet,1.7,1.96,7.287,4.0,2.0,2.0,10.0,0.0,1.0,1.0588235294117647,1.0588235294117647,xa,6.0382325951,3.142,-1.122,-1.122,0.043,0.941,-30.2034467,Mn2MnSn,25.0
25,Mn,54.938045,4,7,bcc,1.8,1.55,7.44,7.0,2.0,0.0,5.0,0.0,25,Mn,54.938045,4,7,bcc,1.8,1.55,7.44,7.0,2.0,0.0,5.0,0.0,82,Pb,207.2,6,14,fcc,1.8,2.33,11.342,4.0,2.0,2.0,10.0,14.0,1.0,1.0,1.0,l21,6.4156574388,3.274,3.274,-3.583,-0.075,2.89,-28.7707491,Mn2MnPb,25.0
25,Mn,54.938045,4,7,bcc,1.8,1.55,7.44,7.0,2.0,0.0,5.0,0.0,25,Mn,54.938045,4,7,bcc,1.8,1.55,7.44,7.0,2.0,0.0,5.0,0.0,82,Pb,207.2,6,14,fcc,1.8,2.33,11.342,4.0,2.0,2.0,10.0,14.0,1.0,1.0,1.0,xa,6.4156287854,-3.583,3.274,3.274,-0.075,2.89,-28.77074833,Mn2MnPb,25.0
25,Mn,54.938045,4,7,bcc,1.8,1.55,7.44,7.0,2.0,0.0,5.0,0.0,25,Mn,54.938045,4,7,bcc,1.8,1.55,7.44,7.0,2.0,0.0,5.0,0.0,33,As,74.9216,4,15,rho,1.3,2.18,5.776,5.0,2.0,3.0,10.0,0.0,1.0,1.3846153846153846,1.3846153846153846,l21,5.7127256295,-0.336,-0.336,2.561,0.046,1.934,-31.9660259,Mn2MnAs,26.0
25,Mn,54.938045,4,7,bcc,1.8,1.55,7.44,7.0,2.0,0.0,5.0,0.0,25,Mn,54.938045,4,7,bcc,1.8,1.55,7.44,7.0,2.0,0.0,5.0,0.0,33,As,74.9216,4,15,rho,1.3,2.18,5.776,5.0,2.0,3.0,10.0,0.0,1.0,1.3846153846153846,1.3846153846153846,xa,5.7128272992,2.561,-0.336,-0.336,0.046,1.934,-31.96602505,Mn2MnAs,26.0
25,Mn,54.938045,4,7,bcc,1.8,1.55,7.44,7.0,2.0,0.0,5.0,0.0,25,Mn,54.938045,4,7,bcc,1.8,1.55,7.44,7.0,2.0,0.0,5.0,0.0,51,Sb,121.76,5,15,rho,1.5,2.05,6.685,5.0,2.0,3.0,10.0,0.0,1.0,1.2,1.2,l21,5.9772646477,-0.487,-0.487,2.878,0.034,1.938,-30.66691566,Mn2MnSb,26.0
25,Mn,54.938045,4,7,bcc,1.8,1.55,7.44,7.0,2.0,0.0,5.0,0.0,25,Mn,54.938045,4,7,bcc,1.8,1.55,7.44,7.0,2.0,0.0,5.0,0.0,51,Sb,121.76,5,15,rho,1.5,2.05,6.685,5.0,2.0,3.0,10.0,0.0,1.0,1.2,1.2,xa,5.9771330977,2.878,-0.487,-0.487,0.034,1.938,-30.66691732,Mn2MnSb,26.0
25,Mn,54.938045,4,7,bcc,1.8,1.55,7.44,7.0,2.0,0.0,5.0,0.0,25,Mn,54.938045,4,7,bcc,1.8,1.55,7.44,7.0,2.0,0.0,5.0,0.0,83,Bi,208.9804,6,15,rho,1.6,2.02,9.807,5.0,2.0,3.0,10.0,14.0,1.0,1.125,1.125,l21,6.4453244676,3.101,3.101,-3.594,-0.073,2.534,-28.97359275,Mn2MnBi,26.0
25,Mn,54.938045,4,7,bcc,1.8,1.55,7.44,7.0,2.0,0.0,5.0,0.0,25,Mn,54.938045,4,7,bcc,1.8,1.55,7.44,7.0,2.0,0.0,5.0,0.0,83,Bi,208.9804,6,15,rho,1.6,2.02,9.807,5.0,2.0,3.0,10.0,14.0,1.0,1.125,1.125,xa,6.4457676288,-3.595,3.101,3.101,-0.073,2.535,-28.97360272,Mn2MnBi,26.0
25,Mn,54.938045,4,7,bcc,1.8,1.55,7.44,7.0,2.0,0.0,5.0,0.0,21,Sc,44.955912,4,3,hex,2.1,1.36,2.989,3.0,2.0,0.0,1.0,0.0,5,B,10.811,2,13,rho,1.2,2.04,2.34,3.0,2.0,1.0,0.0,0.0,0.8571428571428571,1.5,1.7500000000000002,l21,5.7324770645,-1.984,-1.984,0.042,0.103,-3.822,-29.64334555,Mn2ScB,20.0
25,Mn,54.938045,4,7,bcc,1.8,1.55,7.44,7.0,2.0,0.0,5.0,0.0,21,Sc,44.955912,4,3,hex,2.1,1.36,2.989,3.0,2.0,0.0,1.0,0.0,5,B,10.811,2,13,rho,1.2,2.04,2.34,3.0,2.0,1.0,0.0,0.0,0.8571428571428571,1.5,1.7500000000000002,xa,5.7531293925,-2.207,0.473,-0.054,-0.024,-1.811,-29.95012801,Mn2ScB,20.0
25,Mn,54.938045,4,7,bcc,1.8,1.55,7.44,7.0,2.0,0.0,5.0,0.0,21,Sc,44.955912,4,3,hex,2.1,1.36,2.989,3.0,2.0,0.0,1.0,0.0,13,Al,26.9815386,3,13,fcc,1.8,1.61,2.698,3.0,2.0,1.0,0.0,0.0,0.8571428571428571,1.0,1.1666666666666667,l21,6.1565985022,-2.126,-2.126,0.189,0.062,-4.001,-28.39241984,Mn2ScAl,20.0
25,Mn,54.938045,4,7,bcc,1.8,1.55,7.44,7.0,2.0,0.0,5.0,0.0,21,Sc,44.955912,4,3,hex,2.1,1.36,2.989,3.0,2.0,0.0,1.0,0.0,13,Al,26.9815386,3,13,fcc,1.8,1.61,2.698,3.0,2.0,1.0,0.0,0.0,0.8571428571428571,1.0,1.1666666666666667,xa,6.2978830613,-3.545,2.073,-0.291,-0.029,-1.792,-27.98540665,Mn2ScAl,20.0
25,Mn,54.938045,4,7,bcc,1.8,1.55,7.44,7.0,2.0,0.0,5.0,0.0,21,Sc,44.955912,4,3,hex,2.1,1.36,2.989,3.0,2.0,0.0,1.0,0.0,31,Ga,69.723,4,13,orth,1.8,1.81,5.907,3.0,2.0,1.0,10.0,0.0,0.8571428571428571,1.0,1.1666666666666667,l21,6.1380555946,-2.15,-2.15,0.213,0.141,-3.945,-27.41392554,Mn2ScGa,20.0
25,Mn,54.938045,4,7,bcc,1.8,1.55,7.44,7.0,2.0,0.0,5.0,0.0,21,Sc,44.955912,4,3,hex,2.1,1.36,2.989,3.0,2.0,0.0,1.0,0.0,31,Ga,69.723,4,13,orth,1.8,1.81,5.907,3.0,2.0,1.0,10.0,0.0,0.8571428571428571,1.0,1.1666666666666667,xa,6.2791346579,-3.593,2.152,-0.3,-0.066,-1.806,-27.35412644,Mn2ScGa,20.0
25,Mn,54.938045,4,7,bcc,1.8,1.55,7.44,7.0,2.0,0.0,5.0,0.0,21,Sc,44.955912,4,3,hex,2.1,1.36,2.989,3.0,2.0,0.0,1.0,0.0,49,In,114.818,5,13,tet,2.0,1.78,7.31,3.0,2.0,1.0,10.0,0.0,0.8571428571428571,0.9,1.05,l21,6.5320072292,-3.112,-3.112,0.272,0.187,-5.764,-26.47958081,Mn2ScIn,20.0
25,Mn,54.938045,4,7,bcc,1.8,1.55,7.44,7.0,2.0,0.0,5.0,0.0,21,Sc,44.955912,4,3,hex,2.1,1.36,2.989,3.0,2.0,0.0,1.0,0.0,49,In,114.818,5,13,tet,2.0,1.78,7.31,3.0,2.0,1.0,10.0,0.0,0.8571428571428571,0.9,1.05,xa,6.5684158051,-3.847,2.606,-0.379,-0.091,-1.711,-26.29337169,Mn2ScIn,20.0
25,Mn,54.938045,4,7,bcc,1.8,1.55,7.44,7.0,2.0,0.0,5.0,0.0,21,Sc,44.955912,4,3,hex,2.1,1.36,2.989,3.0,2.0,0.0,1.0,0.0,14,Si,28.0855,3,14,fcc,1.5,1.9,2.3296,4.0,2.0,2.0,0.0,0.0,0.8571428571428571,1.2,1.4000000000000001,l21,5.9483608429,-1.599,-1.599,0.18,0.065,-2.953,-30.62273034,Mn2ScSi,21.0
25,Mn,54.938045,4,7,bcc,1.8,1.55,7.44,7.0,2.0,0.0,5.0,0.0,21,Sc,44.955912,4,3,hex,2.1,1.36,2.989,3.0,2.0,0.0,1.0,0.0,14,Si,28.0855,3,14,fcc,1.5,1.9,2.3296,4.0,2.0,2.0,0.0,0.0,0.8571428571428571,1.2,1.4000000000000001,xa,6.0779157381,-3.018,0.341,-0.121,-0.02,-2.819,-30.10782132,Mn2ScSi,21.0
25,Mn,54.938045,4,7,bcc,1.8,1.55,7.44,7.0,2.0,0.0,5.0,0.0,21,Sc,44.955912,4,3,hex,2.1,1.36,2.989,3.0,2.0,0.0,1.0,0.0,32,Ge,72.64,4,14,fcc,1.5,2.01,5.323,4.0,2.0,2.0,10.0,0.0,0.8571428571428571,1.2,1.4000000000000001,l21,6.046325645,-1.639,-1.639,0.248,0.082,-2.949,-29.19312028,Mn2ScGe,21.0
25,Mn,54.938045,4,7,bcc,1.8,1.55,7.44,7.0,2.0,0.0,5.0,0.0,21,Sc,44.955912,4,3,hex,2.1,1.36,2.989,3.0,2.0,0.0,1.0,0.0,32,Ge,72.64,4,14,fcc,1.5,2.01,5.323,4.0,2.0,2.0,10.0,0.0,0.8571428571428571,1.2,1.4000000000000001,xa,6.1780547665,-3.229,0.666,-0.168,-0.037,-2.767,-28.98276652,Mn2ScGe,21.0
25,Mn,54.938045,4,7,bcc,1.8,1.55,7.44,7.0,2.0,0.0,5.0,0.0,21,Sc,44.955912,4,3,hex,2.1,1.36,2.989,3.0,2.0,0.0,1.0,0.0,50,Sn,118.71,5,14,tet,1.7,1.96,7.287,4.0,2.0,2.0,10.0,0.0,0.8571428571428571,1.0588235294117647,1.2352941176470589,l21,6.4779194728,-2.991,-2.991,0.347,0.136,-5.5,-28.23885022,Mn2ScSn,21.0
25,Mn,54.938045,4,7,bcc,1.8,1.55,7.44,7.0,2.0,0.0,5.0,0.0,21,Sc,44.955912,4,3,hex,2.1,1.36,2.989,3.0,2.0,0.0,1.0,0.0,50,Sn,118.71,5,14,tet,1.7,1.96,7.287,4.0,2.0,2.0,10.0,0.0,0.8571428571428571,1.0588235294117647,1.2352941176470589,xa,6.4642633098,-3.576,1.179,-0.253,-0.061,-2.712,-27.78139401,Mn2ScSn,21.0
25,Mn,54.938045,4,7,bcc,1.8,1.55,7.44,7.0,2.0,0.0,5.0,0.0,21,Sc,44.955912,4,3,hex,2.1,1.36,2.989,3.0,2.0,0.0,1.0,0.0,82,Pb,207.2,6,14,fcc,1.8,2.33,11.342,4.0,2.0,2.0,10.0,14.0,0.8571428571428571,1.0,1.1666666666666667,l21,6.617903154,-3.197,-3.197,0.398,0.119,-5.876,-26.96248881,Mn2ScPb,21.0
25,Mn,54.938045,4,7,bcc,1.8,1.55,7.44,7.0,2.0,0.0,5.0,0.0,21,Sc,44.955912,4,3,hex,2.1,1.36,2.989,3.0,2.0,0.0,1.0,0.0,82,Pb,207.2,6,14,fcc,1.8,2.33,11.342,4.0,2.0,2.0,10.0,14.0,0.8571428571428571,1.0,1.1666666666666667,xa,6.700292008,-3.668,3.044,-0.118,-0.068,-0.81,-26.66125346,Mn2ScPb,21.0
25,Mn,54.938045,4,7,bcc,1.8,1.55,7.44,7.0,2.0,0.0,5.0,0.0,21,Sc,44.955912,4,3,hex,2.1,1.36,2.989,3.0,2.0,0.0,1.0,0.0,33,As,74.9216,4,15,rho,1.3,2.18,5.776,5.0,2.0,3.0,10.0,0.0,0.8571428571428571,1.3846153846153846,1.6153846153846154,l21,5.9758110874,-1.097,-1.097,0.186,0.045,-1.963,-29.30403173,Mn2ScAs,22.0
25,Mn,54.938045,4,7,bcc,1.8,1.55,7.44,7.0,2.0,0.0,5.0,0.0,21,Sc,44.955912,4,3,hex,2.1,1.36,2.989,3.0,2.0,0.0,1.0,0.0,33,As,74.9216,4,15,rho,1.3,2.18,5.776,5.0,2.0,3.0,10.0,0.0,0.8571428571428571,1.3846153846153846,1.6153846153846154,xa,6.1475916772,-2.919,-0.565,-0.119,-0.028,-3.631,-29.11889807,Mn2ScAs,22.0
25,Mn,54.938045,4,7,bcc,1.8,1.55,7.44,7.0,2.0,0.0,5.0,0.0,21,Sc,44.955912,4,3,hex,2.1,1.36,2.989,3.0,2.0,0.0,1.0,0.0,51,Sb,121.76,5,15,rho,1.5,2.05,6.685,5.0,2.0,3.0,10.0,0.0,0.8571428571428571,1.2,1.4000000000000001,l21,6.2328086043,-1.135,-1.135,0.226,0.046,-1.998,-28.57491895,Mn2ScSb,22.0
25,Mn,54.938045,4,7,bcc,1.8,1.55,7.44,7.0,2.0,0.0,5.0,0.0,21,Sc,44.955912,4,3,hex,2.1,1.36,2.989,3.0,2.0,0.0,1.0,0.0,51,Sb,121.76,5,15,rho,1.5,2.05,6.685,5.0,2.0,3.0,10.0,0.0,0.8571428571428571,1.2,1.4000000000000001,xa,6.3915700916,-3.104,-0.695,-0.062,-0.001,-3.862,-28.10861526,Mn2ScSb,22.0
25,Mn,54.938045,4,7,bcc,1.8,1.55,7.44,7.0,2.0,0.0,5.0,0.0,21,Sc,44.955912,4,3,hex,2.1,1.36,2.989,3.0,2.0,0.0,1.0,0.0,83,Bi,208.9804,6,15,rho,1.6,2.02,9.807,5.0,2.0,3.0,10.0,14.0,0.8571428571428571,1.125,1.3125,l21,6.6565414206,-3.196,-3.196,0.478,0.056,-5.858,-27.34174752,Mn2ScBi,22.0
25,Mn,54.938045,4,7,bcc,1.8,1.55,7.44,7.0,2.0,0.0,5.0,0.0,21,Sc,44.955912,4,3,hex,2.1,1.36,2.989,3.0,2.0,0.0,1.0,0.0,83,Bi,208.9804,6,15,rho,1.6,2.02,9.807,5.0,2.0,3.0,10.0,14.0,0.8571428571428571,1.125,1.3125,xa,6.7758368263,-3.478,3.29,0.088,-0.019,-0.119,-26.87151525,Mn2ScBi,22.0
25,Mn,54.938045,4,7,bcc,1.8,1.55,7.44,7.0,2.0,0.0,5.0,0.0,25,Mn,54.938045,4,7,bcc,1.8,1.55,7.44,7.0,2.0,0.0,5.0,0.0,5,B,10.811,2,13,rho,1.2,2.04,2.34,3.0,2.0,1.0,0.0,0.0,1.0,1.5,1.5,l21,5.3873901863,-1.025,-1.025,2.053,0.069,0.071,-33.44839522,Mn2MnB,24.0
25,Mn,54.938045,4,7,bcc,1.8,1.55,7.44,7.0,2.0,0.0,5.0,0.0,25,Mn,54.938045,4,7,bcc,1.8,1.55,7.44,7.0,2.0,0.0,5.0,0.0,5,B,10.811,2,13,rho,1.2,2.04,2.34,3.0,2.0,1.0,0.0,0.0,1.0,1.5,1.5,xa,5.3873301886,2.053,-1.025,-1.025,0.069,0.071,-33.44838806,Mn2MnB,24.0
25,Mn,54.938045,4,7,bcc,1.8,1.55,7.44,7.0,2.0,0.0,5.0,0.0,23,V,50.9415,4,5,bcc,1.9,1.63,6.11,5.0,2.0,0.0,3.0,0.0,13,Al,26.9815386,3,13,fcc,1.8,1.61,2.698,3.0,2.0,1.0,0.0,0.0,0.9473684210526316,1.0,1.0555555555555556,l21,5.8123841679,-1.427,-1.427,0.819,0.021,-2.014,-31.93349949,Mn2VAl,22.0
25,Mn,54.938045,4,7,bcc,1.8,1.55,7.44,7.0,2.0,0.0,5.0,0.0,23,V,50.9415,4,5,bcc,1.9,1.63,6.11,5.0,2.0,0.0,3.0,0.0,13,Al,26.9815386,3,13,fcc,1.8,1.61,2.698,3.0,2.0,1.0,0.0,0.0,0.9473684210526316,1.0,1.0555555555555556,xa,5.9268676536,2.063,-2.265,-1.507,0.012,-1.697,-30.97561251,Mn2VAl,22.0
25,Mn,54.938045,4,7,bcc,1.8,1.55,7.44,7.0,2.0,0.0,5.0,0.0,23,V,50.9415,4,5,bcc,1.9,1.63,6.11,5.0,2.0,0.0,3.0,0.0,31,Ga,69.723,4,13,orth,1.8,1.81,5.907,3.0,2.0,1.0,10.0,0.0,0.9473684210526316,1.0,1.0555555555555556,l21,5.8177113712,-1.435,-1.435,0.845,0.038,-1.986,-30.76988007,Mn2VGa,22.0
25,Mn,54.938045,4,7,bcc,1.8,1.55,7.44,7.0,2.0,0.0,5.0,0.0,23,V,50.9415,4,5,bcc,1.9,1.63,6.11,5.0,2.0,0.0,3.0,0.0,31,Ga,69.723,4,13,orth,1.8,1.81,5.907,3.0,2.0,1.0,10.0,0.0,0.9473684210526316,1.0,1.0555555555555556,xa,5.9508343156,2.298,-2.463,-1.553,0.004,-1.714,-30.02188622,Mn2VGa,22.0
25,Mn,54.938045,4,7,bcc,1.8,1.55,7.44,7.0,2.0,0.0,5.0,0.0,23,V,50.9415,4,5,bcc,1.9,1.63,6.11,5.0,2.0,0.0,3.0,0.0,49,In,114.818,5,13,tet,2.0,1.78,7.31,3.0,2.0,1.0,10.0,0.0,0.9473684210526316,0.9,0.95,l21,6.2523923652,-3.015,-3.015,1.783,0.06,-4.187,-29.10704198,Mn2VIn,22.0
25,Mn,54.938045,4,7,bcc,1.8,1.55,7.44,7.0,2.0,0.0,5.0,0.0,23,V,50.9415,4,5,bcc,1.9,1.63,6.11,5.0,2.0,0.0,3.0,0.0,49,In,114.818,5,13,tet,2.0,1.78,7.31,3.0,2.0,1.0,10.0,0.0,0.9473684210526316,0.9,0.95,xa,6.2775917187,2.967,-2.942,-1.804,-0.002,-1.782,-28.4660304,Mn2VIn,22.0
25,Mn,54.938045,4,7,bcc,1.8,1.55,7.44,7.0,2.0,0.0,5.0,0.0,23,V,50.9415,4,5,bcc,1.9,1.63,6.11,5.0,2.0,0.0,3.0,0.0,14,Si,28.0855,3,14,fcc,1.5,1.9,2.3296,4.0,2.0,2.0,0.0,0.0,0.9473684210526316,1.2,1.2666666666666666,l21,5.6640867853,-0.681,-0.681,0.38,0.018,-0.965,-34.40522643,Mn2VSi,23.0
25,Mn,54.938045,4,7,bcc,1.8,1.55,7.44,7.0,2.0,0.0,5.0,0.0,23,V,50.9415,4,5,bcc,1.9,1.63,6.11,5.0,2.0,0.0,3.0,0.0,14,Si,28.0855,3,14,fcc,1.5,1.9,2.3296,4.0,2.0,2.0,0.0,0.0,0.9473684210526316,1.2,1.2666666666666666,xa,5.7854023435,2.221,-1.163,-1.392,0.047,-0.287,-33.3237752,Mn2VSi,23.0
25,Mn,54.938045,4,7,bcc,1.8,1.55,7.44,7.0,2.0,0.0,5.0,0.0,23,V,50.9415,4,5,bcc,1.9,1.63,6.11,5.0,2.0,0.0,3.0,0.0,32,Ge,72.64,4,14,fcc,1.5,2.01,5.323,4.0,2.0,2.0,10.0,0.0,0.9473684210526316,1.2,1.2666666666666666,l21,5.7664481292,-0.719,-0.719,0.44,0.02,-0.978,-32.51362139,Mn2VGe,23.0
25,Mn,54.938045,4,7,bcc,1.8,1.55,7.44,7.0,2.0,0.0,5.0,0.0,23,V,50.9415,4,5,bcc,1.9,1.63,6.11,5.0,2.0,0.0,3.0,0.0,32,Ge,72.64,4,14,fcc,1.5,2.01,5.323,4.0,2.0,2.0,10.0,0.0,0.9473684210526316,1.2,1.2666666666666666,xa,5.9270012332,2.632,-1.837,-1.569,0.063,-0.712,-31.78526428,Mn2VGe,23.0
25,Mn,54.938045,4,7,bcc,1.8,1.55,7.44,7.0,2.0,0.0,5.0,0.0,23,V,50.9415,4,5,bcc,1.9,1.63,6.11,5.0,2.0,0.0,3.0,0.0,50,Sn,118.71,5,14,tet,1.7,1.96,7.287,4.0,2.0,2.0,10.0,0.0,0.9473684210526316,1.0588235294117647,1.1176470588235294,l21,6.0212461262,-0.854,-0.854,0.646,0.023,-1.039,-30.75551507,Mn2VSn,23.0
25,Mn,54.938045,4,7,bcc,1.8,1.55,7.44,7.0,2.0,0.0,5.0,0.0,23,V,50.9415,4,5,bcc,1.9,1.63,6.11,5.0,2.0,0.0,3.0,0.0,50,Sn,118.71,5,14,tet,1.7,1.96,7.287,4.0,2.0,2.0,10.0,0.0,0.9473684210526316,1.0588235294117647,1.1176470588235294,xa,6.2319105746,3.143,-2.299,-1.665,0.049,-0.771,-30.29705994,Mn2VSn,23.0
25,Mn,54.938045,4,7,bcc,1.8,1.55,7.44,7.0,2.0,0.0,5.0,0.0,23,V,50.9415,4,5,bcc,1.9,1.63,6.11,5.0,2.0,0.0,3.0,0.0,82,Pb,207.2,6,14,fcc,1.8,2.33,11.342,4.0,2.0,2.0,10.0,14.0,0.9473684210526316,1.0,1.0555555555555556,l21,6.1185466237,-0.927,-0.927,0.769,0.024,-1.06,-28.90555695,Mn2VPb,23.0
25,Mn,54.938045,4,7,bcc,1.8,1.55,7.44,7.0,2.0,0.0,5.0,0.0,23,V,50.9415,4,5,bcc,1.9,1.63,6.11,5.0,2.0,0.0,3.0,0.0,82,Pb,207.2,6,14,fcc,1.8,2.33,11.342,4.0,2.0,2.0,10.0,14.0,0.9473684210526316,1.0,1.0555555555555556,xa,6.3512156945,3.314,-2.525,-1.65,0.055,-0.806,-28.83735547,Mn2VPb,23.0
25,Mn,54.938045,4,7,bcc,1.8,1.55,7.44,7.0,2.0,0.0,5.0,0.0,23,V,50.9415,4,5,bcc,1.9,1.63,6.11,5.0,2.0,0.0,3.0,0.0,33,As,74.9216,4,15,rho,1.3,2.18,5.776,5.0,2.0,3.0,10.0,0.0,0.9473684210526316,1.3846153846153846,1.4615384615384615,l21,5.7276920826,0.0,0.0,-0.0,-0.0,0.0,-32.44576986,Mn2VAs,24.0
25,Mn,54.938045,4,7,bcc,1.8,1.55,7.44,7.0,2.0,0.0,5.0,0.0,23,V,50.9415,4,5,bcc,1.9,1.63,6.11,5.0,2.0,0.0,3.0,0.0,33,As,74.9216,4,15,rho,1.3,2.18,5.776,5.0,2.0,3.0,10.0,0.0,0.9473684210526316,1.3846153846153846,1.4615384615384615,xa,5.8898796924,2.769,-1.262,-1.41,0.065,0.162,-31.97833441,Mn2VAs,24.0
25,Mn,54.938045,4,7,bcc,1.8,1.55,7.44,7.0,2.0,0.0,5.0,0.0,23,V,50.9415,4,5,bcc,1.9,1.63,6.11,5.0,2.0,0.0,3.0,0.0,51,Sb,121.76,5,15,rho,1.5,2.05,6.685,5.0,2.0,3.0,10.0,0.0,0.9473684210526316,1.2,1.2666666666666666,l21,5.9753687284,0.001,0.001,-0.001,-0.0,0.0,-31.17763841,Mn2VSb,24.0
25,Mn,54.938045,4,7,bcc,1.8,1.55,7.44,7.0,2.0,0.0,5.0,0.0,23,V,50.9415,4,5,bcc,1.9,1.63,6.11,5.0,2.0,0.0,3.0,0.0,51,Sb,121.76,5,15,rho,1.5,2.05,6.685,5.0,2.0,3.0,10.0,0.0,0.9473684210526316,1.2,1.2666666666666666,xa,6.1594888541,3.073,-1.357,-1.59,0.055,0.181,-30.79281381,Mn2VSb,24.0
25,Mn,54.938045,4,7,bcc,1.8,1.55,7.44,7.0,2.0,0.0,5.0,0.0,23,V,50.9415,4,5,bcc,1.9,1.63,6.11,5.0,2.0,0.0,3.0,0.0,83,Bi,208.9804,6,15,rho,1.6,2.02,9.807,5.0,2.0,3.0,10.0,14.0,0.9473684210526316,1.125,1.1874999999999998,l21,6.1110227791,0.0,0.0,-0.0,-0.0,-0.0,-29.13916156,Mn2VBi,24.0
25,Mn,54.938045,4,7,bcc,1.8,1.55,7.44,7.0,2.0,0.0,5.0,0.0,23,V,50.9415,4,5,bcc,1.9,1.63,6.11,5.0,2.0,0.0,3.0,0.0,83,Bi,208.9804,6,15,rho,1.6,2.02,9.807,5.0,2.0,3.0,10.0,14.0,0.9473684210526316,1.125,1.1874999999999998,xa,6.3172117479,3.253,-1.507,-1.649,0.042,0.138,-29.1787316,Mn2VBi,24.0
25,Mn,54.938045,4,7,bcc,1.8,1.55,7.44,7.0,2.0,0.0,5.0,0.0,23,V,50.9415,4,5,bcc,1.9,1.63,6.11,5.0,2.0,0.0,3.0,0.0,33,As,74.9216,4,15,rho,1.3,2.18,5.776,5.0,2.0,3.0,10.0,0.0,0.9473684210526316,1.3846153846153846,1.4615384615384615,l21,5.7276920826,0.0,0.0,-0.0,-0.0,0.0,-32.44576986,Mn2VAs,24.0
25,Mn,54.938045,4,7,bcc,1.8,1.55,7.44,7.0,2.0,0.0,5.0,0.0,23,V,50.9415,4,5,bcc,1.9,1.63,6.11,5.0,2.0,0.0,3.0,0.0,33,As,74.9216,4,15,rho,1.3,2.18,5.776,5.0,2.0,3.0,10.0,0.0,0.9473684210526316,1.3846153846153846,1.4615384615384615,xa,5.8898796924,2.769,-1.262,-1.41,0.065,0.162,-31.97833441,Mn2VAs,24.0
25,Mn,54.938045,4,7,bcc,1.8,1.55,7.44,7.0,2.0,0.0,5.0,0.0,23,V,50.9415,4,5,bcc,1.9,1.63,6.11,5.0,2.0,0.0,3.0,0.0,51,Sb,121.76,5,15,rho,1.5,2.05,6.685,5.0,2.0,3.0,10.0,0.0,0.9473684210526316,1.2,1.2666666666666666,l21,5.9753687284,0.001,0.001,-0.001,-0.0,0.0,-31.17763841,Mn2VSb,24.0
25,Mn,54.938045,4,7,bcc,1.8,1.55,7.44,7.0,2.0,0.0,5.0,0.0,23,V,50.9415,4,5,bcc,1.9,1.63,6.11,5.0,2.0,0.0,3.0,0.0,51,Sb,121.76,5,15,rho,1.5,2.05,6.685,5.0,2.0,3.0,10.0,0.0,0.9473684210526316,1.2,1.2666666666666666,xa,6.1594888541,3.073,-1.357,-1.59,0.055,0.181,-30.79281381,Mn2VSb,24.0
25,Mn,54.938045,4,7,bcc,1.8,1.55,7.44,7.0,2.0,0.0,5.0,0.0,23,V,50.9415,4,5,bcc,1.9,1.63,6.11,5.0,2.0,0.0,3.0,0.0,83,Bi,208.9804,6,15,rho,1.6,2.02,9.807,5.0,2.0,3.0,10.0,14.0,0.9473684210526316,1.125,1.1874999999999998,l21,6.1110227791,0.0,0.0,-0.0,-0.0,-0.0,-29.13916156,Mn2VBi,24.0
25,Mn,54.938045,4,7,bcc,1.8,1.55,7.44,7.0,2.0,0.0,5.0,0.0,23,V,50.9415,4,5,bcc,1.9,1.63,6.11,5.0,2.0,0.0,3.0,0.0,83,Bi,208.9804,6,15,rho,1.6,2.02,9.807,5.0,2.0,3.0,10.0,14.0,0.9473684210526316,1.125,1.1874999999999998,xa,6.3172117479,3.253,-1.507,-1.649,0.042,0.138,-29.1787316,Mn2VBi,24.0
25,Mn,54.938045,4,7,bcc,1.8,1.55,7.44,7.0,2.0,0.0,5.0,0.0,24,Cr,51.9961,4,6,bcc,1.9,1.66,7.15,6.0,1.0,0.0,5.0,0.0,5,B,10.811,2,13,rho,1.2,2.04,2.34,3.0,2.0,1.0,0.0,0.0,0.9473684210526316,1.5,1.5833333333333333,l21,5.3688320863,-0.754,-0.754,0.467,0.026,-1.015,-34.12382966,Mn2CrB,23.0
25,Mn,54.938045,4,7,bcc,1.8,1.55,7.44,7.0,2.0,0.0,5.0,0.0,24,Cr,51.9961,4,6,bcc,1.9,1.66,7.15,6.0,1.0,0.0,5.0,0.0,5,B,10.811,2,13,rho,1.2,2.04,2.34,3.0,2.0,1.0,0.0,0.0,0.9473684210526316,1.5,1.5833333333333333,xa,5.4428148062,1.891,-1.229,-1.521,0.075,-0.784,-33.69312862,Mn2CrB,23.0
25,Mn,54.938045,4,7,bcc,1.8,1.55,7.44,7.0,2.0,0.0,5.0,0.0,24,Cr,51.9961,4,6,bcc,1.9,1.66,7.15,6.0,1.0,0.0,5.0,0.0,13,Al,26.9815386,3,13,fcc,1.8,1.61,2.698,3.0,2.0,1.0,0.0,0.0,0.9473684210526316,1.0,1.0555555555555556,l21,5.7241407204,-1.027,-1.027,1.001,0.007,-1.047,-31.87093484,Mn2CrAl,23.0
25,Mn,54.938045,4,7,bcc,1.8,1.55,7.44,7.0,2.0,0.0,5.0,0.0,24,Cr,51.9961,4,6,bcc,1.9,1.66,7.15,6.0,1.0,0.0,5.0,0.0,13,Al,26.9815386,3,13,fcc,1.8,1.61,2.698,3.0,2.0,1.0,0.0,0.0,0.9473684210526316,1.0,1.0555555555555556,xa,5.8511970016,2.58,-1.563,-1.931,0.021,-0.892,-31.46103719,Mn2CrAl,23.0
25,Mn,54.938045,4,7,bcc,1.8,1.55,7.44,7.0,2.0,0.0,5.0,0.0,24,Cr,51.9961,4,6,bcc,1.9,1.66,7.15,6.0,1.0,0.0,5.0,0.0,31,Ga,69.723,4,13,orth,1.8,1.81,5.907,3.0,2.0,1.0,10.0,0.0,0.9473684210526316,1.0,1.0555555555555556,l21,5.7526365245,-1.162,-1.162,1.31,0.005,-1.008,-30.60284805,Mn2CrGa,23.0
25,Mn,54.938045,4,7,bcc,1.8,1.55,7.44,7.0,2.0,0.0,5.0,0.0,24,Cr,51.9961,4,6,bcc,1.9,1.66,7.15,6.0,1.0,0.0,5.0,0.0,31,Ga,69.723,4,13,orth,1.8,1.81,5.907,3.0,2.0,1.0,10.0,0.0,0.9473684210526316,1.0,1.0555555555555556,xa,5.8795697195,2.832,-1.716,-2.057,0.03,-0.91,-30.4274832,Mn2CrGa,23.0
25,Mn,54.938045,4,7,bcc,1.8,1.55,7.44,7.0,2.0,0.0,5.0,0.0,24,Cr,51.9961,4,6,bcc,1.9,1.66,7.15,6.0,1.0,0.0,5.0,0.0,49,In,114.818,5,13,tet,2.0,1.78,7.31,3.0,2.0,1.0,10.0,0.0,0.9473684210526316,0.9,0.95,l21,6.3094023227,-3.346,-3.346,2.963,0.014,-3.716,-29.02786152,Mn2CrIn,23.0
25,Mn,54.938045,4,7,bcc,1.8,1.55,7.44,7.0,2.0,0.0,5.0,0.0,24,Cr,51.9961,4,6,bcc,1.9,1.66,7.15,6.0,1.0,0.0,5.0,0.0,49,In,114.818,5,13,tet,2.0,1.78,7.31,3.0,2.0,1.0,10.0,0.0,0.9473684210526316,0.9,0.95,xa,6.1951243199,3.413,-2.137,-2.283,0.043,-0.964,-28.78990893,Mn2CrIn,23.0
25,Mn,54.938045,4,7,bcc,1.8,1.55,7.44,7.0,2.0,0.0,5.0,0.0,24,Cr,51.9961,4,6,bcc,1.9,1.66,7.15,6.0,1.0,0.0,5.0,0.0,14,Si,28.0855,3,14,fcc,1.5,1.9,2.3296,4.0,2.0,2.0,0.0,0.0,0.9473684210526316,1.2,1.2666666666666666,l21,5.5924027646,0.0,0.0,-0.0,-0.0,0.0,-34.22037247,Mn2CrSi,24.0
25,Mn,54.938045,4,7,bcc,1.8,1.55,7.44,7.0,2.0,0.0,5.0,0.0,24,Cr,51.9961,4,6,bcc,1.9,1.66,7.15,6.0,1.0,0.0,5.0,0.0,14,Si,28.0855,3,14,fcc,1.5,1.9,2.3296,4.0,2.0,2.0,0.0,0.0,0.9473684210526316,1.2,1.2666666666666666,xa,5.717889331,2.607,-1.003,-1.59,0.057,0.071,-33.87875546,Mn2CrSi,24.0
25,Mn,54.938045,4,7,bcc,1.8,1.55,7.44,7.0,2.0,0.0,5.0,0.0,24,Cr,51.9961,4,6,bcc,1.9,1.66,7.15,6.0,1.0,0.0,5.0,0.0,32,Ge,72.64,4,14,fcc,1.5,2.01,5.323,4.0,2.0,2.0,10.0,0.0,0.9473684210526316,1.2,1.2666666666666666,l21,5.7296507961,0.694,0.694,-1.362,-0.015,0.01,-32.20802267,Mn2CrGe,24.0
25,Mn,54.938045,4,7,bcc,1.8,1.55,7.44,7.0,2.0,0.0,5.0,0.0,24,Cr,51.9961,4,6,bcc,1.9,1.66,7.15,6.0,1.0,0.0,5.0,0.0,32,Ge,72.64,4,14,fcc,1.5,2.01,5.323,4.0,2.0,2.0,10.0,0.0,0.9473684210526316,1.2,1.2666666666666666,xa,5.841366247,2.915,-1.103,-1.817,0.062,0.058,-32.223849,Mn2CrGe,24.0
25,Mn,54.938045,4,7,bcc,1.8,1.55,7.44,7.0,2.0,0.0,5.0,0.0,24,Cr,51.9961,4,6,bcc,1.9,1.66,7.15,6.0,1.0,0.0,5.0,0.0,50,Sn,118.71,5,14,tet,1.7,1.96,7.287,4.0,2.0,2.0,10.0,0.0,0.9473684210526316,1.0588235294117647,1.1176470588235294,l21,6.0339834358,1.227,1.227,-2.333,-0.028,0.094,-30.43729191,Mn2CrSn,24.0
25,Mn,54.938045,4,7,bcc,1.8,1.55,7.44,7.0,2.0,0.0,5.0,0.0,24,Cr,51.9961,4,6,bcc,1.9,1.66,7.15,6.0,1.0,0.0,5.0,0.0,50,Sn,118.71,5,14,tet,1.7,1.96,7.287,4.0,2.0,2.0,10.0,0.0,0.9473684210526316,1.0588235294117647,1.1176470588235294,xa,6.1270057765,3.252,-1.091,-2.165,0.047,0.042,-30.63286226,Mn2CrSn,24.0
25,Mn,54.938045,4,7,bcc,1.8,1.55,7.44,7.0,2.0,0.0,5.0,0.0,24,Cr,51.9961,4,6,bcc,1.9,1.66,7.15,6.0,1.0,0.0,5.0,0.0,82,Pb,207.2,6,14,fcc,1.8,2.33,11.342,4.0,2.0,2.0,10.0,14.0,0.9473684210526316,1.0,1.0555555555555556,l21,6.4480066929,3.413,3.413,-3.264,-0.024,3.538,-29.19711768,Mn2CrPb,24.0
25,Mn,54.938045,4,7,bcc,1.8,1.55,7.44,7.0,2.0,0.0,5.0,0.0,24,Cr,51.9961,4,6,bcc,1.9,1.66,7.15,6.0,1.0,0.0,5.0,0.0,82,Pb,207.2,6,14,fcc,1.8,2.33,11.342,4.0,2.0,2.0,10.0,14.0,0.9473684210526316,1.0,1.0555555555555556,xa,6.2426118694,3.383,-0.978,-2.411,0.045,0.039,-29.04370512,Mn2CrPb,24.0
25,Mn,54.938045,4,7,bcc,1.8,1.55,7.44,7.0,2.0,0.0,5.0,0.0,24,Cr,51.9961,4,6,bcc,1.9,1.66,7.15,6.0,1.0,0.0,5.0,0.0,33,As,74.9216,4,15,rho,1.3,2.18,5.776,5.0,2.0,3.0,10.0,0.0,0.9473684210526316,1.3846153846153846,1.4615384615384615,l21,5.7155037657,-0.393,-0.393,1.69,0.033,0.938,-32.19647182,Mn2CrAs,25.0
25,Mn,54.938045,4,7,bcc,1.8,1.55,7.44,7.0,2.0,0.0,5.0,0.0,24,Cr,51.9961,4,6,bcc,1.9,1.66,7.15,6.0,1.0,0.0,5.0,0.0,33,As,74.9216,4,15,rho,1.3,2.18,5.776,5.0,2.0,3.0,10.0,0.0,0.9473684210526316,1.3846153846153846,1.4615384615384615,xa,5.7813592927,2.715,-0.6,-1.196,0.065,0.984,-32.32333643,Mn2CrAs,25.0
25,Mn,54.938045,4,7,bcc,1.8,1.55,7.44,7.0,2.0,0.0,5.0,0.0,24,Cr,51.9961,4,6,bcc,1.9,1.66,7.15,6.0,1.0,0.0,5.0,0.0,51,Sb,121.76,5,15,rho,1.5,2.05,6.685,5.0,2.0,3.0,10.0,0.0,0.9473684210526316,1.2,1.2666666666666666,l21,5.9838700337,-0.654,-0.654,2.178,0.031,0.899,-30.88684204,Mn2CrSb,25.0
25,Mn,54.938045,4,7,bcc,1.8,1.55,7.44,7.0,2.0,0.0,5.0,0.0,24,Cr,51.9961,4,6,bcc,1.9,1.66,7.15,6.0,1.0,0.0,5.0,0.0,51,Sb,121.76,5,15,rho,1.5,2.05,6.685,5.0,2.0,3.0,10.0,0.0,0.9473684210526316,1.2,1.2666666666666666,xa,6.0584525537,3.057,-0.411,-1.698,0.049,0.997,-31.0564565,Mn2CrSb,25.0
25,Mn,54.938045,4,7,bcc,1.8,1.55,7.44,7.0,2.0,0.0,5.0,0.0,24,Cr,51.9961,4,6,bcc,1.9,1.66,7.15,6.0,1.0,0.0,5.0,0.0,83,Bi,208.9804,6,15,rho,1.6,2.02,9.807,5.0,2.0,3.0,10.0,14.0,0.9473684210526316,1.125,1.1874999999999998,l21,6.5157029854,3.337,3.337,-3.429,-0.041,3.203,-29.44255776,Mn2CrBi,25.0
25,Mn,54.938045,4,7,bcc,1.8,1.55,7.44,7.0,2.0,0.0,5.0,0.0,24,Cr,51.9961,4,6,bcc,1.9,1.66,7.15,6.0,1.0,0.0,5.0,0.0,83,Bi,208.9804,6,15,rho,1.6,2.02,9.807,5.0,2.0,3.0,10.0,14.0,0.9473684210526316,1.125,1.1874999999999998,xa,6.2362906964,3.271,0.009,-2.319,0.025,0.987,-29.3409958,Mn2CrBi,25.0
25,Mn,54.938045,4,7,bcc,1.8,1.55,7.44,7.0,2.0,0.0,5.0,0.0,26,Fe,55.845,4,8,bcc,1.7,1.83,7.874,8.0,2.0,0.0,6.0,0.0,5,B,10.811,2,13,rho,1.2,2.04,2.34,3.0,2.0,1.0,0.0,0.0,1.0588235294117647,1.5,1.4166666666666667,l21,5.3621531095,-0.602,-0.602,2.178,0.085,1.058,-32.59750014,Mn2FeB,25.0
25,Mn,54.938045,4,7,bcc,1.8,1.55,7.44,7.0,2.0,0.0,5.0,0.0,26,Fe,55.845,4,8,bcc,1.7,1.83,7.874,8.0,2.0,0.0,6.0,0.0,5,B,10.811,2,13,rho,1.2,2.04,2.34,3.0,2.0,1.0,0.0,0.0,1.0588235294117647,1.5,1.4166666666666667,xa,5.355759676,2.09,-0.998,-0.056,0.038,1.074,-32.70656811,Mn2FeB,25.0
25,Mn,54.938045,4,7,bcc,1.8,1.55,7.44,7.0,2.0,0.0,5.0,0.0,26,Fe,55.845,4,8,bcc,1.7,1.83,7.874,8.0,2.0,0.0,6.0,0.0,13,Al,26.9815386,3,13,fcc,1.8,1.61,2.698,3.0,2.0,1.0,0.0,0.0,1.0588235294117647,1.0,0.9444444444444444,l21,5.7299464231,-0.758,-0.758,2.461,0.031,0.975,-30.19625527,Mn2FeAl,25.0
25,Mn,54.938045,4,7,bcc,1.8,1.55,7.44,7.0,2.0,0.0,5.0,0.0,26,Fe,55.845,4,8,bcc,1.7,1.83,7.874,8.0,2.0,0.0,6.0,0.0,13,Al,26.9815386,3,13,fcc,1.8,1.61,2.698,3.0,2.0,1.0,0.0,0.0,1.0588235294117647,1.0,0.9444444444444444,xa,5.7440600804,2.64,-1.751,0.122,0.007,1.017,-30.60424435,Mn2FeAl,25.0
25,Mn,54.938045,4,7,bcc,1.8,1.55,7.44,7.0,2.0,0.0,5.0,0.0,26,Fe,55.845,4,8,bcc,1.7,1.83,7.874,8.0,2.0,0.0,6.0,0.0,31,Ga,69.723,4,13,orth,1.8,1.81,5.907,3.0,2.0,1.0,10.0,0.0,1.0588235294117647,1.0,0.9444444444444444,l21,5.7440763684,-0.793,-0.793,2.537,0.045,0.996,-29.07452376,Mn2FeGa,25.0
25,Mn,54.938045,4,7,bcc,1.8,1.55,7.44,7.0,2.0,0.0,5.0,0.0,26,Fe,55.845,4,8,bcc,1.7,1.83,7.874,8.0,2.0,0.0,6.0,0.0,31,Ga,69.723,4,13,orth,1.8,1.81,5.907,3.0,2.0,1.0,10.0,0.0,1.0588235294117647,1.0,0.9444444444444444,xa,5.7722982367,2.803,-1.994,0.198,0.001,1.008,-29.4599679,Mn2FeGa,25.0
25,Mn,54.938045,4,7,bcc,1.8,1.55,7.44,7.0,2.0,0.0,5.0,0.0,26,Fe,55.845,4,8,bcc,1.7,1.83,7.874,8.0,2.0,0.0,6.0,0.0,49,In,114.818,5,13,tet,2.0,1.78,7.31,3.0,2.0,1.0,10.0,0.0,1.0588235294117647,0.9,0.85,l21,6.0165771954,-0.917,-0.917,2.794,0.029,0.989,-27.1131148,Mn2FeIn,25.0
25,Mn,54.938045,4,7,bcc,1.8,1.55,7.44,7.0,2.0,0.0,5.0,0.0,26,Fe,55.845,4,8,bcc,1.7,1.83,7.874,8.0,2.0,0.0,6.0,0.0,49,In,114.818,5,13,tet,2.0,1.78,7.31,3.0,2.0,1.0,10.0,0.0,1.0588235294117647,0.9,0.85,xa,6.1078123176,-3.433,2.816,1.345,-0.076,0.653,-27.64726567,Mn2FeIn,25.0
25,Mn,54.938045,4,7,bcc,1.8,1.55,7.44,7.0,2.0,0.0,5.0,0.0,26,Fe,55.845,4,8,bcc,1.7,1.83,7.874,8.0,2.0,0.0,6.0,0.0,14,Si,28.0855,3,14,fcc,1.5,1.9,2.3296,4.0,2.0,2.0,0.0,0.0,1.0588235294117647,1.2,1.1333333333333333,l21,5.5971255626,-0.027,-0.027,2.153,0.032,2.131,-32.7013809,Mn2FeSi,26.0
25,Mn,54.938045,4,7,bcc,1.8,1.55,7.44,7.0,2.0,0.0,5.0,0.0,26,Fe,55.845,4,8,bcc,1.7,1.83,7.874,8.0,2.0,0.0,6.0,0.0,14,Si,28.0855,3,14,fcc,1.5,1.9,2.3296,4.0,2.0,2.0,0.0,0.0,1.0588235294117647,1.2,1.1333333333333333,xa,5.5998945474,2.382,-0.746,0.354,0.011,2.001,-33.08715144,Mn2FeSi,26.0
25,Mn,54.938045,4,7,bcc,1.8,1.55,7.44,7.0,2.0,0.0,5.0,0.0,26,Fe,55.845,4,8,bcc,1.7,1.83,7.874,8.0,2.0,0.0,6.0,0.0,32,Ge,72.64,4,14,fcc,1.5,2.01,5.323,4.0,2.0,2.0,10.0,0.0,1.0588235294117647,1.2,1.1333333333333333,l21,5.7097889608,-0.177,-0.177,2.322,0.036,2.004,-30.81903229,Mn2FeGe,26.0
25,Mn,54.938045,4,7,bcc,1.8,1.55,7.44,7.0,2.0,0.0,5.0,0.0,26,Fe,55.845,4,8,bcc,1.7,1.83,7.874,8.0,2.0,0.0,6.0,0.0,32,Ge,72.64,4,14,fcc,1.5,2.01,5.323,4.0,2.0,2.0,10.0,0.0,1.0588235294117647,1.2,1.1333333333333333,xa,5.7251300543,2.636,-1.174,0.517,0.01,1.989,-31.24775601,Mn2FeGe,26.0
25,Mn,54.938045,4,7,bcc,1.8,1.55,7.44,7.0,2.0,0.0,5.0,0.0,26,Fe,55.845,4,8,bcc,1.7,1.83,7.874,8.0,2.0,0.0,6.0,0.0,50,Sn,118.71,5,14,tet,1.7,1.96,7.287,4.0,2.0,2.0,10.0,0.0,1.0588235294117647,1.0588235294117647,1.0,l21,5.9791802554,-1.162,-1.162,2.585,0.109,0.37,-28.71630556,Mn2FeSn,26.0
25,Mn,54.938045,4,7,bcc,1.8,1.55,7.44,7.0,2.0,0.0,5.0,0.0,26,Fe,55.845,4,8,bcc,1.7,1.83,7.874,8.0,2.0,0.0,6.0,0.0,50,Sn,118.71,5,14,tet,1.7,1.96,7.287,4.0,2.0,2.0,10.0,0.0,1.0588235294117647,1.0588235294117647,1.0,xa,6.0289671648,-3.266,2.565,1.501,-0.092,0.708,-29.31368444,Mn2FeSn,26.0
25,Mn,54.938045,4,7,bcc,1.8,1.55,7.44,7.0,2.0,0.0,5.0,0.0,26,Fe,55.845,4,8,bcc,1.7,1.83,7.874,8.0,2.0,0.0,6.0,0.0,82,Pb,207.2,6,14,fcc,1.8,2.33,11.342,4.0,2.0,2.0,10.0,14.0,1.0588235294117647,1.0,0.9444444444444444,l21,6.3422204384,3.192,3.192,-2.625,-0.119,3.64,-27.41217847,Mn2FePb,26.0
25,Mn,54.938045,4,7,bcc,1.8,1.55,7.44,7.0,2.0,0.0,5.0,0.0,26,Fe,55.845,4,8,bcc,1.7,1.83,7.874,8.0,2.0,0.0,6.0,0.0,82,Pb,207.2,6,14,fcc,1.8,2.33,11.342,4.0,2.0,2.0,10.0,14.0,1.0588235294117647,1.0,0.9444444444444444,xa,6.2800006499,-3.537,3.062,1.943,-0.075,1.392,-27.89842743,Mn2FePb,26.0
25,Mn,54.938045,4,7,bcc,1.8,1.55,7.44,7.0,2.0,0.0,5.0,0.0,26,Fe,55.845,4,8,bcc,1.7,1.83,7.874,8.0,2.0,0.0,6.0,0.0,33,As,74.9216,4,15,rho,1.3,2.18,5.776,5.0,2.0,3.0,10.0,0.0,1.0588235294117647,1.3846153846153846,1.3076923076923077,l21,5.6982147353,0.252,0.252,2.377,0.038,2.92,-30.78279106,Mn2FeAs,27.0
25,Mn,54.938045,4,7,bcc,1.8,1.55,7.44,7.0,2.0,0.0,5.0,0.0,26,Fe,55.845,4,8,bcc,1.7,1.83,7.874,8.0,2.0,0.0,6.0,0.0,33,As,74.9216,4,15,rho,1.3,2.18,5.776,5.0,2.0,3.0,10.0,0.0,1.0588235294117647,1.3846153846153846,1.3076923076923077,xa,5.7154477644,2.74,-0.663,0.839,0.033,2.949,-31.12370757,Mn2FeAs,27.0
25,Mn,54.938045,4,7,bcc,1.8,1.55,7.44,7.0,2.0,0.0,5.0,0.0,26,Fe,55.845,4,8,bcc,1.7,1.83,7.874,8.0,2.0,0.0,6.0,0.0,51,Sb,121.76,5,15,rho,1.5,2.05,6.685,5.0,2.0,3.0,10.0,0.0,1.0588235294117647,1.2,1.1333333333333333,l21,6.0350103486,1.688,1.688,-2.323,-0.093,0.959,-28.9779758,Mn2FeSb,27.0
25,Mn,54.938045,4,7,bcc,1.8,1.55,7.44,7.0,2.0,0.0,5.0,0.0,26,Fe,55.845,4,8,bcc,1.7,1.83,7.874,8.0,2.0,0.0,6.0,0.0,51,Sb,121.76,5,15,rho,1.5,2.05,6.685,5.0,2.0,3.0,10.0,0.0,1.0588235294117647,1.2,1.1333333333333333,xa,5.9829255598,3.179,-2.153,-1.074,0.066,0.018,-29.61292502,Mn2FeSb,27.0
25,Mn,54.938045,4,7,bcc,1.8,1.55,7.44,7.0,2.0,0.0,5.0,0.0,26,Fe,55.845,4,8,bcc,1.7,1.83,7.874,8.0,2.0,0.0,6.0,0.0,83,Bi,208.9804,6,15,rho,1.6,2.02,9.807,5.0,2.0,3.0,10.0,14.0,1.0588235294117647,1.125,1.0625,l21,6.3914346914,3.104,3.104,-2.567,-0.096,3.545,-27.55104373,Mn2FeBi,27.0
25,Mn,54.938045,4,7,bcc,1.8,1.55,7.44,7.0,2.0,0.0,5.0,0.0,26,Fe,55.845,4,8,bcc,1.7,1.83,7.874,8.0,2.0,0.0,6.0,0.0,83,Bi,208.9804,6,15,rho,1.6,2.02,9.807,5.0,2.0,3.0,10.0,14.0,1.0588235294117647,1.125,1.0625,xa,6.3288342649,-3.492,3.05,1.977,-0.056,1.479,-28.15393241,Mn2FeBi,27.0
25,Mn,54.938045,4,7,bcc,1.8,1.55,7.44,7.0,2.0,0.0,5.0,0.0,27,Co,58.933195,4,9,hex,1.7,1.88,8.86,9.0,2.0,0.0,7.0,0.0,5,B,10.811,2,13,rho,1.2,2.04,2.34,3.0,2.0,1.0,0.0,0.0,1.0588235294117647,1.5,1.4166666666666667,l21,5.3375659258,0.657,0.657,-0.302,-0.045,0.968,-30.84738571,Mn2CoB,26.0
25,Mn,54.938045,4,7,bcc,1.8,1.55,7.44,7.0,2.0,0.0,5.0,0.0,27,Co,58.933195,4,9,hex,1.7,1.88,8.86,9.0,2.0,0.0,7.0,0.0,5,B,10.811,2,13,rho,1.2,2.04,2.34,3.0,2.0,1.0,0.0,0.0,1.0588235294117647,1.5,1.4166666666666667,xa,5.3626379703,2.29,-0.923,0.671,0.005,2.043,-31.61980002,Mn2CoB,26.0
25,Mn,54.938045,4,7,bcc,1.8,1.55,7.44,7.0,2.0,0.0,5.0,0.0,27,Co,58.933195,4,9,hex,1.7,1.88,8.86,9.0,2.0,0.0,7.0,0.0,13,Al,26.9815386,3,13,fcc,1.8,1.61,2.698,3.0,2.0,1.0,0.0,0.0,1.0588235294117647,1.0,0.9444444444444444,l21,5.8620165086,2.911,2.911,1.659,-0.049,7.431,-29.30990475,Mn2CoAl,26.0
25,Mn,54.938045,4,7,bcc,1.8,1.55,7.44,7.0,2.0,0.0,5.0,0.0,27,Co,58.933195,4,9,hex,1.7,1.88,8.86,9.0,2.0,0.0,7.0,0.0,13,Al,26.9815386,3,13,fcc,1.8,1.61,2.698,3.0,2.0,1.0,0.0,0.0,1.0588235294117647,1.0,0.9444444444444444,xa,5.7195322679,2.622,-1.507,0.939,-0.012,2.042,-29.81950009,Mn2CoAl,26.0
25,Mn,54.938045,4,7,bcc,1.8,1.55,7.44,7.0,2.0,0.0,5.0,0.0,27,Co,58.933195,4,9,hex,1.7,1.88,8.86,9.0,2.0,0.0,7.0,0.0,31,Ga,69.723,4,13,orth,1.8,1.81,5.907,3.0,2.0,1.0,10.0,0.0,1.0588235294117647,1.0,0.9444444444444444,l21,5.8828783405,3.056,3.056,1.632,-0.105,7.638,-28.26015135,Mn2CoGa,26.0
25,Mn,54.938045,4,7,bcc,1.8,1.55,7.44,7.0,2.0,0.0,5.0,0.0,27,Co,58.933195,4,9,hex,1.7,1.88,8.86,9.0,2.0,0.0,7.0,0.0,31,Ga,69.723,4,13,orth,1.8,1.81,5.907,3.0,2.0,1.0,10.0,0.0,1.0588235294117647,1.0,0.9444444444444444,xa,5.7505457178,2.801,-1.712,0.931,-0.033,1.988,-28.60415463,Mn2CoGa,26.0
25,Mn,54.938045,4,7,bcc,1.8,1.55,7.44,7.0,2.0,0.0,5.0,0.0,27,Co,58.933195,4,9,hex,1.7,1.88,8.86,9.0,2.0,0.0,7.0,0.0,49,In,114.818,5,13,tet,2.0,1.78,7.31,3.0,2.0,1.0,10.0,0.0,1.0588235294117647,0.9,0.85,l21,6.1630080802,3.272,3.272,1.592,-0.142,7.993,-26.857522,Mn2CoIn,26.0
25,Mn,54.938045,4,7,bcc,1.8,1.55,7.44,7.0,2.0,0.0,5.0,0.0,27,Co,58.933195,4,9,hex,1.7,1.88,8.86,9.0,2.0,0.0,7.0,0.0,49,In,114.818,5,13,tet,2.0,1.78,7.31,3.0,2.0,1.0,10.0,0.0,1.0588235294117647,0.9,0.85,xa,6.0765761158,2.528,0.781,1.101,-0.142,4.268,-26.24965958,Mn2CoIn,26.0
25,Mn,54.938045,4,7,bcc,1.8,1.55,7.44,7.0,2.0,0.0,5.0,0.0,27,Co,58.933195,4,9,hex,1.7,1.88,8.86,9.0,2.0,0.0,7.0,0.0,14,Si,28.0855,3,14,fcc,1.5,1.9,2.3296,4.0,2.0,2.0,0.0,0.0,1.0588235294117647,1.2,1.1333333333333333,l21,5.5702162629,0.125,0.125,0.877,0.01,1.137,-31.01653692,Mn2CoSi,27.0
25,Mn,54.938045,4,7,bcc,1.8,1.55,7.44,7.0,2.0,0.0,5.0,0.0,27,Co,58.933195,4,9,hex,1.7,1.88,8.86,9.0,2.0,0.0,7.0,0.0,14,Si,28.0855,3,14,fcc,1.5,1.9,2.3296,4.0,2.0,2.0,0.0,0.0,1.0588235294117647,1.2,1.1333333333333333,xa,5.6078064385,2.625,-0.5,0.853,0.011,2.988,-31.86457501,Mn2CoSi,27.0
25,Mn,54.938045,4,7,bcc,1.8,1.55,7.44,7.0,2.0,0.0,5.0,0.0,27,Co,58.933195,4,9,hex,1.7,1.88,8.86,9.0,2.0,0.0,7.0,0.0,32,Ge,72.64,4,14,fcc,1.5,2.01,5.323,4.0,2.0,2.0,10.0,0.0,1.0588235294117647,1.2,1.1333333333333333,l21,5.6751229827,0.589,0.589,0.883,-0.014,2.047,-29.1549851,Mn2CoGe,27.0
25,Mn,54.938045,4,7,bcc,1.8,1.55,7.44,7.0,2.0,0.0,5.0,0.0,27,Co,58.933195,4,9,hex,1.7,1.88,8.86,9.0,2.0,0.0,7.0,0.0,32,Ge,72.64,4,14,fcc,1.5,2.01,5.323,4.0,2.0,2.0,10.0,0.0,1.0588235294117647,1.2,1.1333333333333333,xa,5.7272187873,2.812,-0.746,0.896,0.014,2.976,-30.07008035,Mn2CoGe,27.0
25,Mn,54.938045,4,7,bcc,1.8,1.55,7.44,7.0,2.0,0.0,5.0,0.0,27,Co,58.933195,4,9,hex,1.7,1.88,8.86,9.0,2.0,0.0,7.0,0.0,50,Sn,118.71,5,14,tet,1.7,1.96,7.287,4.0,2.0,2.0,10.0,0.0,1.0588235294117647,1.0588235294117647,1.0,l21,6.173423422,3.286,3.286,1.71,-0.078,8.204,-28.29145457,Mn2CoSn,27.0
25,Mn,54.938045,4,7,bcc,1.8,1.55,7.44,7.0,2.0,0.0,5.0,0.0,27,Co,58.933195,4,9,hex,1.7,1.88,8.86,9.0,2.0,0.0,7.0,0.0,50,Sn,118.71,5,14,tet,1.7,1.96,7.287,4.0,2.0,2.0,10.0,0.0,1.0588235294117647,1.0588235294117647,1.0,xa,6.0614903492,2.72,1.289,1.055,-0.113,4.951,-28.24090968,Mn2CoSn,27.0
25,Mn,54.938045,4,7,bcc,1.8,1.55,7.44,7.0,2.0,0.0,5.0,0.0,27,Co,58.933195,4,9,hex,1.7,1.88,8.86,9.0,2.0,0.0,7.0,0.0,82,Pb,207.2,6,14,fcc,1.8,2.33,11.342,4.0,2.0,2.0,10.0,14.0,1.0588235294117647,1.0,0.9444444444444444,l21,6.2991365213,3.413,3.413,1.687,-0.082,8.431,-26.87275416,Mn2CoPb,27.0
25,Mn,54.938045,4,7,bcc,1.8,1.55,7.44,7.0,2.0,0.0,5.0,0.0,27,Co,58.933195,4,9,hex,1.7,1.88,8.86,9.0,2.0,0.0,7.0,0.0,82,Pb,207.2,6,14,fcc,1.8,2.33,11.342,4.0,2.0,2.0,10.0,14.0,1.0588235294117647,1.0,0.9444444444444444,xa,6.2521962609,3.347,3.339,1.264,-0.133,7.818,-26.8476816,Mn2CoPb,27.0
25,Mn,54.938045,4,7,bcc,1.8,1.55,7.44,7.0,2.0,0.0,5.0,0.0,27,Co,58.933195,4,9,hex,1.7,1.88,8.86,9.0,2.0,0.0,7.0,0.0,33,As,74.9216,4,15,rho,1.3,2.18,5.776,5.0,2.0,3.0,10.0,0.0,1.0588235294117647,1.3846153846153846,1.3076923076923077,l21,5.6514974386,0.968,0.968,1.195,-0.029,3.103,-29.23307377,Mn2CoAs,28.0
25,Mn,54.938045,4,7,bcc,1.8,1.55,7.44,7.0,2.0,0.0,5.0,0.0,27,Co,58.933195,4,9,hex,1.7,1.88,8.86,9.0,2.0,0.0,7.0,0.0,33,As,74.9216,4,15,rho,1.3,2.18,5.776,5.0,2.0,3.0,10.0,0.0,1.0588235294117647,1.3846153846153846,1.3076923076923077,xa,5.7277170186,2.888,-0.009,1.033,0.041,3.953,-29.92372559,Mn2CoAs,28.0
25,Mn,54.938045,4,7,bcc,1.8,1.55,7.44,7.0,2.0,0.0,5.0,0.0,27,Co,58.933195,4,9,hex,1.7,1.88,8.86,9.0,2.0,0.0,7.0,0.0,51,Sb,121.76,5,15,rho,1.5,2.05,6.685,5.0,2.0,3.0,10.0,0.0,1.0588235294117647,1.2,1.1333333333333333,l21,6.1168263481,2.918,2.918,1.582,-0.063,7.356,-28.31586826,Mn2CoSb,28.0
25,Mn,54.938045,4,7,bcc,1.8,1.55,7.44,7.0,2.0,0.0,5.0,0.0,27,Co,58.933195,4,9,hex,1.7,1.88,8.86,9.0,2.0,0.0,7.0,0.0,51,Sb,121.76,5,15,rho,1.5,2.05,6.685,5.0,2.0,3.0,10.0,0.0,1.0588235294117647,1.2,1.1333333333333333,xa,5.9732316083,3.056,-0.032,0.958,0.01,3.992,-28.90582291,Mn2CoSb,28.0
25,Mn,54.938045,4,7,bcc,1.8,1.55,7.44,7.0,2.0,0.0,5.0,0.0,27,Co,58.933195,4,9,hex,1.7,1.88,8.86,9.0,2.0,0.0,7.0,0.0,83,Bi,208.9804,6,15,rho,1.6,2.02,9.807,5.0,2.0,3.0,10.0,14.0,1.0588235294117647,1.125,1.0625,l21,6.3748278286,3.423,3.423,1.586,-0.061,8.371,-27.02381454,Mn2CoBi,28.0
25,Mn,54.938045,4,7,bcc,1.8,1.55,7.44,7.0,2.0,0.0,5.0,0.0,27,Co,58.933195,4,9,hex,1.7,1.88,8.86,9.0,2.0,0.0,7.0,0.0,83,Bi,208.9804,6,15,rho,1.6,2.02,9.807,5.0,2.0,3.0,10.0,14.0,1.0588235294117647,1.125,1.0625,xa,6.1286017908,3.193,-0.196,1.005,-0.011,3.991,-27.15127481,Mn2CoBi,28.0
25,Mn,54.938045,4,7,bcc,1.8,1.55,7.44,7.0,2.0,0.0,5.0,0.0,28,Ni,58.6934,4,10,fcc,1.6,1.91,8.912,10.0,2.0,0.0,8.0,0.0,5,B,10.811,2,13,rho,1.2,2.04,2.34,3.0,2.0,1.0,0.0,0.0,1.125,1.5,1.3333333333333335,l21,5.3346973853,0.585,0.585,-0.082,-0.042,1.047,-29.42578411,Mn2NiB,27.0
25,Mn,54.938045,4,7,bcc,1.8,1.55,7.44,7.0,2.0,0.0,5.0,0.0,28,Ni,58.6934,4,10,fcc,1.6,1.91,8.912,10.0,2.0,0.0,8.0,0.0,5,B,10.811,2,13,rho,1.2,2.04,2.34,3.0,2.0,1.0,0.0,0.0,1.125,1.5,1.3333333333333335,xa,5.4045927839,2.519,-0.871,0.427,0.034,2.109,-29.6927215,Mn2NiB,27.0
25,Mn,54.938045,4,7,bcc,1.8,1.55,7.44,7.0,2.0,0.0,5.0,0.0,28,Ni,58.6934,4,10,fcc,1.6,1.91,8.912,10.0,2.0,0.0,8.0,0.0,13,Al,26.9815386,3,13,fcc,1.8,1.61,2.698,3.0,2.0,1.0,0.0,0.0,1.125,1.0,0.888888888888889,l21,5.8790566011,2.962,2.962,0.742,-0.058,6.608,-27.58308009,Mn2NiAl,27.0
25,Mn,54.938045,4,7,bcc,1.8,1.55,7.44,7.0,2.0,0.0,5.0,0.0,28,Ni,58.6934,4,10,fcc,1.6,1.91,8.912,10.0,2.0,0.0,8.0,0.0,13,Al,26.9815386,3,13,fcc,1.8,1.61,2.698,3.0,2.0,1.0,0.0,0.0,1.125,1.0,0.888888888888889,xa,5.7828411176,2.919,-2.044,0.302,0.003,1.18,-28.20527836,Mn2NiAl,27.0
25,Mn,54.938045,4,7,bcc,1.8,1.55,7.44,7.0,2.0,0.0,5.0,0.0,28,Ni,58.6934,4,10,fcc,1.6,1.91,8.912,10.0,2.0,0.0,8.0,0.0,31,Ga,69.723,4,13,orth,1.8,1.81,5.907,3.0,2.0,1.0,10.0,0.0,1.125,1.0,0.888888888888889,l21,5.9173571496,3.209,3.209,0.687,-0.118,6.987,-26.62968881,Mn2NiGa,27.0
25,Mn,54.938045,4,7,bcc,1.8,1.55,7.44,7.0,2.0,0.0,5.0,0.0,28,Ni,58.6934,4,10,fcc,1.6,1.91,8.912,10.0,2.0,0.0,8.0,0.0,31,Ga,69.723,4,13,orth,1.8,1.81,5.907,3.0,2.0,1.0,10.0,0.0,1.125,1.0,0.888888888888889,xa,5.8191021715,2.954,-1.123,0.398,-0.018,2.212,-26.85792214,Mn2NiGa,27.0
25,Mn,54.938045,4,7,bcc,1.8,1.55,7.44,7.0,2.0,0.0,5.0,0.0,28,Ni,58.6934,4,10,fcc,1.6,1.91,8.912,10.0,2.0,0.0,8.0,0.0,49,In,114.818,5,13,tet,2.0,1.78,7.31,3.0,2.0,1.0,10.0,0.0,1.125,0.9,0.8,l21,6.214437711,3.507,3.507,0.668,-0.124,7.557,-25.34271063,Mn2NiIn,27.0
25,Mn,54.938045,4,7,bcc,1.8,1.55,7.44,7.0,2.0,0.0,5.0,0.0,28,Ni,58.6934,4,10,fcc,1.6,1.91,8.912,10.0,2.0,0.0,8.0,0.0,49,In,114.818,5,13,tet,2.0,1.78,7.31,3.0,2.0,1.0,10.0,0.0,1.125,0.9,0.8,xa,6.0333956076,2.695,1.368,0.454,-0.119,4.398,-25.00325699,Mn2NiIn,27.0
25,Mn,54.938045,4,7,bcc,1.8,1.55,7.44,7.0,2.0,0.0,5.0,0.0,28,Ni,58.6934,4,10,fcc,1.6,1.91,8.912,10.0,2.0,0.0,8.0,0.0,14,Si,28.0855,3,14,fcc,1.5,1.9,2.3296,4.0,2.0,2.0,0.0,0.0,1.125,1.2,1.0666666666666667,l21,5.5807356362,0.049,0.049,-0.028,-0.003,0.067,-29.53593909,Mn2NiSi,28.0
25,Mn,54.938045,4,7,bcc,1.8,1.55,7.44,7.0,2.0,0.0,5.0,0.0,28,Ni,58.6934,4,10,fcc,1.6,1.91,8.912,10.0,2.0,0.0,8.0,0.0,14,Si,28.0855,3,14,fcc,1.5,1.9,2.3296,4.0,2.0,2.0,0.0,0.0,1.125,1.2,1.0666666666666667,xa,5.6486970866,2.756,0.424,0.536,0.008,3.725,-29.98654134,Mn2NiSi,28.0
25,Mn,54.938045,4,7,bcc,1.8,1.55,7.44,7.0,2.0,0.0,5.0,0.0,28,Ni,58.6934,4,10,fcc,1.6,1.91,8.912,10.0,2.0,0.0,8.0,0.0,32,Ge,72.64,4,14,fcc,1.5,2.01,5.323,4.0,2.0,2.0,10.0,0.0,1.125,1.2,1.0666666666666667,l21,5.8212723072,2.494,2.494,0.542,-0.127,5.401,-27.99557066,Mn2NiGe,28.0
25,Mn,54.938045,4,7,bcc,1.8,1.55,7.44,7.0,2.0,0.0,5.0,0.0,28,Ni,58.6934,4,10,fcc,1.6,1.91,8.912,10.0,2.0,0.0,8.0,0.0,32,Ge,72.64,4,14,fcc,1.5,2.01,5.323,4.0,2.0,2.0,10.0,0.0,1.125,1.2,1.0666666666666667,xa,5.7655998096,2.898,0.42,0.531,0.004,3.854,-28.3140963,Mn2NiGe,28.0
25,Mn,54.938045,4,7,bcc,1.8,1.55,7.44,7.0,2.0,0.0,5.0,0.0,28,Ni,58.6934,4,10,fcc,1.6,1.91,8.912,10.0,2.0,0.0,8.0,0.0,50,Sn,118.71,5,14,tet,1.7,1.96,7.287,4.0,2.0,2.0,10.0,0.0,1.125,1.0588235294117647,0.9411764705882354,l21,6.186118059,3.3,3.3,0.529,-0.149,6.981,-26.80541109,Mn2NiSn,28.0
25,Mn,54.938045,4,7,bcc,1.8,1.55,7.44,7.0,2.0,0.0,5.0,0.0,28,Ni,58.6934,4,10,fcc,1.6,1.91,8.912,10.0,2.0,0.0,8.0,0.0,50,Sn,118.71,5,14,tet,1.7,1.96,7.287,4.0,2.0,2.0,10.0,0.0,1.125,1.0588235294117647,0.9411764705882354,xa,6.0207682874,3.076,0.415,0.473,-0.042,3.923,-26.9731966,Mn2NiSn,28.0
25,Mn,54.938045,4,7,bcc,1.8,1.55,7.44,7.0,2.0,0.0,5.0,0.0,28,Ni,58.6934,4,10,fcc,1.6,1.91,8.912,10.0,2.0,0.0,8.0,0.0,82,Pb,207.2,6,14,fcc,1.8,2.33,11.342,4.0,2.0,2.0,10.0,14.0,1.125,1.0,0.888888888888889,l21,6.3302761325,3.495,3.495,0.559,-0.133,7.416,-25.48838089,Mn2NiPb,28.0
25,Mn,54.938045,4,7,bcc,1.8,1.55,7.44,7.0,2.0,0.0,5.0,0.0,28,Ni,58.6934,4,10,fcc,1.6,1.91,8.912,10.0,2.0,0.0,8.0,0.0,82,Pb,207.2,6,14,fcc,1.8,2.33,11.342,4.0,2.0,2.0,10.0,14.0,1.125,1.0,0.888888888888889,xa,6.1259174761,3.177,0.403,0.445,-0.048,3.977,-25.36828564,Mn2NiPb,28.0
25,Mn,54.938045,4,7,bcc,1.8,1.55,7.44,7.0,2.0,0.0,5.0,0.0,28,Ni,58.6934,4,10,fcc,1.6,1.91,8.912,10.0,2.0,0.0,8.0,0.0,33,As,74.9216,4,15,rho,1.3,2.18,5.776,5.0,2.0,3.0,10.0,0.0,1.125,1.3846153846153846,1.2307692307692308,l21,5.7522151008,1.88,1.88,0.475,-0.089,4.146,-27.95706471,Mn2NiAs,29.0
25,Mn,54.938045,4,7,bcc,1.8,1.55,7.44,7.0,2.0,0.0,5.0,0.0,28,Ni,58.6934,4,10,fcc,1.6,1.91,8.912,10.0,2.0,0.0,8.0,0.0,33,As,74.9216,4,15,rho,1.3,2.18,5.776,5.0,2.0,3.0,10.0,0.0,1.125,1.3846153846153846,1.2307692307692308,xa,5.7845968566,3.012,0.724,0.556,0.043,4.335,-28.13042368,Mn2NiAs,29.0
25,Mn,54.938045,4,7,bcc,1.8,1.55,7.44,7.0,2.0,0.0,5.0,0.0,28,Ni,58.6934,4,10,fcc,1.6,1.91,8.912,10.0,2.0,0.0,8.0,0.0,51,Sb,121.76,5,15,rho,1.5,2.05,6.685,5.0,2.0,3.0,10.0,0.0,1.125,1.2,1.0666666666666667,l21,6.1311680806,2.979,2.979,0.443,-0.099,6.303,-26.96370537,Mn2NiSb,29.0
25,Mn,54.938045,4,7,bcc,1.8,1.55,7.44,7.0,2.0,0.0,5.0,0.0,28,Ni,58.6934,4,10,fcc,1.6,1.91,8.912,10.0,2.0,0.0,8.0,0.0,51,Sb,121.76,5,15,rho,1.5,2.05,6.685,5.0,2.0,3.0,10.0,0.0,1.125,1.2,1.0666666666666667,xa,6.0268807327,3.154,0.953,0.485,0.002,4.594,-27.30083917,Mn2NiSb,29.0
25,Mn,54.938045,4,7,bcc,1.8,1.55,7.44,7.0,2.0,0.0,5.0,0.0,28,Ni,58.6934,4,10,fcc,1.6,1.91,8.912,10.0,2.0,0.0,8.0,0.0,83,Bi,208.9804,6,15,rho,1.6,2.02,9.807,5.0,2.0,3.0,10.0,14.0,1.125,1.125,1.0,l21,6.3913888704,3.487,3.487,0.505,-0.091,7.388,-25.75384359,Mn2NiBi,29.0
25,Mn,54.938045,4,7,bcc,1.8,1.55,7.44,7.0,2.0,0.0,5.0,0.0,28,Ni,58.6934,4,10,fcc,1.6,1.91,8.912,10.0,2.0,0.0,8.0,0.0,83,Bi,208.9804,6,15,rho,1.6,2.02,9.807,5.0,2.0,3.0,10.0,14.0,1.125,1.125,1.0,xa,6.181145077,3.223,1.058,0.456,-0.025,4.711,-25.71421239,Mn2NiBi,29.0
25,Mn,54.938045,4,7,bcc,1.8,1.55,7.44,7.0,2.0,0.0,5.0,0.0,29,Cu,63.546,4,11,fcc,1.6,1.9,8.96,11.0,1.0,0.0,10.0,0.0,5,B,10.811,2,13,rho,1.2,2.04,2.34,3.0,2.0,1.0,0.0,0.0,1.125,1.5,1.3333333333333335,l21,5.5009412112,2.453,2.453,0.143,-0.161,4.889,-27.23786354,Mn2CuB,28.0
25,Mn,54.938045,4,7,bcc,1.8,1.55,7.44,7.0,2.0,0.0,5.0,0.0,29,Cu,63.546,4,11,fcc,1.6,1.9,8.96,11.0,1.0,0.0,10.0,0.0,5,B,10.811,2,13,rho,1.2,2.04,2.34,3.0,2.0,1.0,0.0,0.0,1.125,1.5,1.3333333333333335,xa,5.4732308057,2.371,-1.996,0.003,-0.013,0.366,-27.16477627,Mn2CuB,28.0
25,Mn,54.938045,4,7,bcc,1.8,1.55,7.44,7.0,2.0,0.0,5.0,0.0,29,Cu,63.546,4,11,fcc,1.6,1.9,8.96,11.0,1.0,0.0,10.0,0.0,13,Al,26.9815386,3,13,fcc,1.8,1.61,2.698,3.0,2.0,1.0,0.0,0.0,1.125,1.0,0.888888888888889,l21,5.9013549478,2.735,2.735,0.104,-0.08,5.493,-25.50256917,Mn2CuAl,28.0
25,Mn,54.938045,4,7,bcc,1.8,1.55,7.44,7.0,2.0,0.0,5.0,0.0,29,Cu,63.546,4,11,fcc,1.6,1.9,8.96,11.0,1.0,0.0,10.0,0.0,13,Al,26.9815386,3,13,fcc,1.8,1.61,2.698,3.0,2.0,1.0,0.0,0.0,1.125,1.0,0.888888888888889,xa,5.7107999024,-0.002,0.007,0.0,-0.0,0.005,-25.46186474,Mn2CuAl,28.0
25,Mn,54.938045,4,7,bcc,1.8,1.55,7.44,7.0,2.0,0.0,5.0,0.0,29,Cu,63.546,4,11,fcc,1.6,1.9,8.96,11.0,1.0,0.0,10.0,0.0,31,Ga,69.723,4,13,orth,1.8,1.81,5.907,3.0,2.0,1.0,10.0,0.0,1.125,1.0,0.888888888888889,l21,5.9086809858,2.803,2.803,0.094,-0.167,5.534,-24.56277805,Mn2CuGa,28.0
25,Mn,54.938045,4,7,bcc,1.8,1.55,7.44,7.0,2.0,0.0,5.0,0.0,29,Cu,63.546,4,11,fcc,1.6,1.9,8.96,11.0,1.0,0.0,10.0,0.0,31,Ga,69.723,4,13,orth,1.8,1.81,5.907,3.0,2.0,1.0,10.0,0.0,1.125,1.0,0.888888888888889,xa,5.8364969137,2.553,0.288,0.096,-0.041,2.896,-24.24879261,Mn2CuGa,28.0
25,Mn,54.938045,4,7,bcc,1.8,1.55,7.44,7.0,2.0,0.0,5.0,0.0,29,Cu,63.546,4,11,fcc,1.6,1.9,8.96,11.0,1.0,0.0,10.0,0.0,49,In,114.818,5,13,tet,2.0,1.78,7.31,3.0,2.0,1.0,10.0,0.0,1.125,0.9,0.8,l21,6.2635425208,3.421,3.421,0.08,-0.202,6.719,-23.30849961,Mn2CuIn,28.0
25,Mn,54.938045,4,7,bcc,1.8,1.55,7.44,7.0,2.0,0.0,5.0,0.0,29,Cu,63.546,4,11,fcc,1.6,1.9,8.96,11.0,1.0,0.0,10.0,0.0,49,In,114.818,5,13,tet,2.0,1.78,7.31,3.0,2.0,1.0,10.0,0.0,1.125,0.9,0.8,xa,6.0949032041,3.015,0.49,0.094,-0.077,3.522,-22.87568346,Mn2CuIn,28.0
25,Mn,54.938045,4,7,bcc,1.8,1.55,7.44,7.0,2.0,0.0,5.0,0.0,29,Cu,63.546,4,11,fcc,1.6,1.9,8.96,11.0,1.0,0.0,10.0,0.0,14,Si,28.0855,3,14,fcc,1.5,1.9,2.3296,4.0,2.0,2.0,0.0,0.0,1.125,1.2,1.0666666666666667,l21,5.7238487452,2.152,2.152,0.144,-0.102,4.346,-27.51820907,Mn2CuSi,29.0
25,Mn,54.938045,4,7,bcc,1.8,1.55,7.44,7.0,2.0,0.0,5.0,0.0,29,Cu,63.546,4,11,fcc,1.6,1.9,8.96,11.0,1.0,0.0,10.0,0.0,14,Si,28.0855,3,14,fcc,1.5,1.9,2.3296,4.0,2.0,2.0,0.0,0.0,1.125,1.2,1.0666666666666667,xa,5.6275046773,2.357,-1.358,-0.03,0.009,0.978,-27.42522538,Mn2CuSi,29.0
25,Mn,54.938045,4,7,bcc,1.8,1.55,7.44,7.0,2.0,0.0,5.0,0.0,29,Cu,63.546,4,11,fcc,1.6,1.9,8.96,11.0,1.0,0.0,10.0,0.0,32,Ge,72.64,4,14,fcc,1.5,2.01,5.323,4.0,2.0,2.0,10.0,0.0,1.125,1.2,1.0666666666666667,l21,5.8418263995,2.303,2.303,0.118,-0.126,4.598,-26.0101286,Mn2CuGe,29.0
25,Mn,54.938045,4,7,bcc,1.8,1.55,7.44,7.0,2.0,0.0,5.0,0.0,29,Cu,63.546,4,11,fcc,1.6,1.9,8.96,11.0,1.0,0.0,10.0,0.0,32,Ge,72.64,4,14,fcc,1.5,2.01,5.323,4.0,2.0,2.0,10.0,0.0,1.125,1.2,1.0666666666666667,xa,5.8338322428,2.816,0.635,0.108,0.007,3.566,-25.67243809,Mn2CuGe,29.0
25,Mn,54.938045,4,7,bcc,1.8,1.55,7.44,7.0,2.0,0.0,5.0,0.0,29,Cu,63.546,4,11,fcc,1.6,1.9,8.96,11.0,1.0,0.0,10.0,0.0,50,Sn,118.71,5,14,tet,1.7,1.96,7.287,4.0,2.0,2.0,10.0,0.0,1.125,1.0588235294117647,0.9411764705882354,l21,6.2326226005,3.248,3.248,0.079,-0.156,6.418,-24.85553581,Mn2CuSn,29.0
25,Mn,54.938045,4,7,bcc,1.8,1.55,7.44,7.0,2.0,0.0,5.0,0.0,29,Cu,63.546,4,11,fcc,1.6,1.9,8.96,11.0,1.0,0.0,10.0,0.0,50,Sn,118.71,5,14,tet,1.7,1.96,7.287,4.0,2.0,2.0,10.0,0.0,1.125,1.0588235294117647,0.9411764705882354,xa,6.1088581198,3.013,1.217,0.094,-0.05,4.274,-24.54786997,Mn2CuSn,29.0
25,Mn,54.938045,4,7,bcc,1.8,1.55,7.44,7.0,2.0,0.0,5.0,0.0,29,Cu,63.546,4,11,fcc,1.6,1.9,8.96,11.0,1.0,0.0,10.0,0.0,82,Pb,207.2,6,14,fcc,1.8,2.33,11.342,4.0,2.0,2.0,10.0,14.0,1.125,1.0,0.888888888888889,l21,6.4074358561,3.489,3.489,0.082,-0.134,6.927,-23.60109772,Mn2CuPb,29.0
25,Mn,54.938045,4,7,bcc,1.8,1.55,7.44,7.0,2.0,0.0,5.0,0.0,29,Cu,63.546,4,11,fcc,1.6,1.9,8.96,11.0,1.0,0.0,10.0,0.0,82,Pb,207.2,6,14,fcc,1.8,2.33,11.342,4.0,2.0,2.0,10.0,14.0,1.125,1.0,0.888888888888889,xa,6.2383994993,3.091,1.488,0.08,-0.067,4.592,-23.10176464,Mn2CuPb,29.0
25,Mn,54.938045,4,7,bcc,1.8,1.55,7.44,7.0,2.0,0.0,5.0,0.0,29,Cu,63.546,4,11,fcc,1.6,1.9,8.96,11.0,1.0,0.0,10.0,0.0,33,As,74.9216,4,15,rho,1.3,2.18,5.776,5.0,2.0,3.0,10.0,0.0,1.125,1.3846153846153846,1.2307692307692308,l21,5.8099101628,1.892,1.892,0.145,-0.091,3.839,-25.83446924,Mn2CuAs,30.0
25,Mn,54.938045,4,7,bcc,1.8,1.55,7.44,7.0,2.0,0.0,5.0,0.0,29,Cu,63.546,4,11,fcc,1.6,1.9,8.96,11.0,1.0,0.0,10.0,0.0,33,As,74.9216,4,15,rho,1.3,2.18,5.776,5.0,2.0,3.0,10.0,0.0,1.125,1.3846153846153846,1.2307692307692308,xa,5.9474727378,2.923,0.464,0.075,0.027,3.489,-25.46629896,Mn2CuAs,30.0
25,Mn,54.938045,4,7,bcc,1.8,1.55,7.44,7.0,2.0,0.0,5.0,0.0,29,Cu,63.546,4,11,fcc,1.6,1.9,8.96,11.0,1.0,0.0,10.0,0.0,51,Sb,121.76,5,15,rho,1.5,2.05,6.685,5.0,2.0,3.0,10.0,0.0,1.125,1.2,1.0666666666666667,l21,6.2344253713,3.133,3.133,0.094,-0.072,6.287,-25.00130326,Mn2CuSb,30.0
25,Mn,54.938045,4,7,bcc,1.8,1.55,7.44,7.0,2.0,0.0,5.0,0.0,29,Cu,63.546,4,11,fcc,1.6,1.9,8.96,11.0,1.0,0.0,10.0,0.0,51,Sb,121.76,5,15,rho,1.5,2.05,6.685,5.0,2.0,3.0,10.0,0.0,1.125,1.2,1.0666666666666667,xa,6.1037514413,2.982,1.22,0.075,-0.009,4.268,-24.72706806,Mn2CuSb,30.0
25,Mn,54.938045,4,7,bcc,1.8,1.55,7.44,7.0,2.0,0.0,5.0,0.0,29,Cu,63.546,4,11,fcc,1.6,1.9,8.96,11.0,1.0,0.0,10.0,0.0,83,Bi,208.9804,6,15,rho,1.6,2.02,9.807,5.0,2.0,3.0,10.0,14.0,1.125,1.125,1.0,l21,6.4613049772,3.45,3.45,0.075,-0.092,6.883,-23.85504345,Mn2CuBi,30.0
25,Mn,54.938045,4,7,bcc,1.8,1.55,7.44,7.0,2.0,0.0,5.0,0.0,29,Cu,63.546,4,11,fcc,1.6,1.9,8.96,11.0,1.0,0.0,10.0,0.0,83,Bi,208.9804,6,15,rho,1.6,2.02,9.807,5.0,2.0,3.0,10.0,14.0,1.125,1.125,1.0,xa,6.3349423146,3.147,2.092,0.084,-0.048,5.276,-23.38715781,Mn2CuBi,30.0
25,Mn,54.938045,4,7,bcc,1.8,1.55,7.44,7.0,2.0,0.0,5.0,0.0,30,Zn,65.38,4,12,hex,1.5,1.65,7.134,12.0,2.0,0.0,10.0,0.0,5,B,10.811,2,13,rho,1.2,2.04,2.34,3.0,2.0,1.0,0.0,0.0,1.2,1.5,1.25,l21,5.5338509155,2.177,2.177,0.025,-0.13,4.248,-24.61037059,Mn2ZnB,29.0
25,Mn,54.938045,4,7,bcc,1.8,1.55,7.44,7.0,2.0,0.0,5.0,0.0,30,Zn,65.38,4,12,hex,1.5,1.65,7.134,12.0,2.0,0.0,10.0,0.0,5,B,10.811,2,13,rho,1.2,2.04,2.34,3.0,2.0,1.0,0.0,0.0,1.2,1.5,1.25,xa,5.4460875053,1.973,-1.017,0.016,0.012,0.984,-24.20233339,Mn2ZnB,29.0
25,Mn,54.938045,4,7,bcc,1.8,1.55,7.44,7.0,2.0,0.0,5.0,0.0,30,Zn,65.38,4,12,hex,1.5,1.65,7.134,12.0,2.0,0.0,10.0,0.0,13,Al,26.9815386,3,13,fcc,1.8,1.61,2.698,3.0,2.0,1.0,0.0,0.0,1.2,1.0,0.8333333333333333,l21,5.9250520564,2.409,2.409,-0.034,-0.068,4.716,-23.07521611,Mn2ZnAl,29.0
25,Mn,54.938045,4,7,bcc,1.8,1.55,7.44,7.0,2.0,0.0,5.0,0.0,30,Zn,65.38,4,12,hex,1.5,1.65,7.134,12.0,2.0,0.0,10.0,0.0,13,Al,26.9815386,3,13,fcc,1.8,1.61,2.698,3.0,2.0,1.0,0.0,0.0,1.2,1.0,0.8333333333333333,xa,5.7805834036,-0.004,0.013,-0.0,-0.0,0.008,-22.75068184,Mn2ZnAl,29.0
25,Mn,54.938045,4,7,bcc,1.8,1.55,7.44,7.0,2.0,0.0,5.0,0.0,30,Zn,65.38,4,12,hex,1.5,1.65,7.134,12.0,2.0,0.0,10.0,0.0,31,Ga,69.723,4,13,orth,1.8,1.81,5.907,3.0,2.0,1.0,10.0,0.0,1.2,1.0,0.8333333333333333,l21,5.9336555574,2.444,2.444,-0.039,-0.134,4.716,-22.04080917,Mn2ZnGa,29.0
25,Mn,54.938045,4,7,bcc,1.8,1.55,7.44,7.0,2.0,0.0,5.0,0.0,30,Zn,65.38,4,12,hex,1.5,1.65,7.134,12.0,2.0,0.0,10.0,0.0,31,Ga,69.723,4,13,orth,1.8,1.81,5.907,3.0,2.0,1.0,10.0,0.0,1.2,1.0,0.8333333333333333,xa,5.8013537084,0.006,0.218,-0.007,-0.006,0.213,-21.40285907,Mn2ZnGa,29.0
25,Mn,54.938045,4,7,bcc,1.8,1.55,7.44,7.0,2.0,0.0,5.0,0.0,30,Zn,65.38,4,12,hex,1.5,1.65,7.134,12.0,2.0,0.0,10.0,0.0,49,In,114.818,5,13,tet,2.0,1.78,7.31,3.0,2.0,1.0,10.0,0.0,1.2,0.9,0.75,l21,6.3298713756,3.348,3.348,-0.065,-0.155,6.475,-20.91779231,Mn2ZnIn,29.0
25,Mn,54.938045,4,7,bcc,1.8,1.55,7.44,7.0,2.0,0.0,5.0,0.0,30,Zn,65.38,4,12,hex,1.5,1.65,7.134,12.0,2.0,0.0,10.0,0.0,49,In,114.818,5,13,tet,2.0,1.78,7.31,3.0,2.0,1.0,10.0,0.0,1.2,0.9,0.75,xa,6.3460530786,3.24,3.102,-0.049,-0.135,6.158,-20.23255729,Mn2ZnIn,29.0
25,Mn,54.938045,4,7,bcc,1.8,1.55,7.44,7.0,2.0,0.0,5.0,0.0,30,Zn,65.38,4,12,hex,1.5,1.65,7.134,12.0,2.0,0.0,10.0,0.0,14,Si,28.0855,3,14,fcc,1.5,1.9,2.3296,4.0,2.0,2.0,0.0,0.0,1.2,1.2,1.0,l21,5.7585802881,1.794,1.794,-0.005,-0.086,3.498,-24.80423969,Mn2ZnSi,30.0
25,Mn,54.938045,4,7,bcc,1.8,1.55,7.44,7.0,2.0,0.0,5.0,0.0,30,Zn,65.38,4,12,hex,1.5,1.65,7.134,12.0,2.0,0.0,10.0,0.0,14,Si,28.0855,3,14,fcc,1.5,1.9,2.3296,4.0,2.0,2.0,0.0,0.0,1.2,1.2,1.0,xa,5.7890207483,2.633,-0.744,0.018,0.03,1.938,-24.3841531,Mn2ZnSi,30.0
25,Mn,54.938045,4,7,bcc,1.8,1.55,7.44,7.0,2.0,0.0,5.0,0.0,30,Zn,65.38,4,12,hex,1.5,1.65,7.134,12.0,2.0,0.0,10.0,0.0,32,Ge,72.64,4,14,fcc,1.5,2.01,5.323,4.0,2.0,2.0,10.0,0.0,1.2,1.2,1.0,l21,5.8835307722,1.955,1.955,-0.026,-0.102,3.782,-23.27097942,Mn2ZnGe,30.0
25,Mn,54.938045,4,7,bcc,1.8,1.55,7.44,7.0,2.0,0.0,5.0,0.0,30,Zn,65.38,4,12,hex,1.5,1.65,7.134,12.0,2.0,0.0,10.0,0.0,32,Ge,72.64,4,14,fcc,1.5,2.01,5.323,4.0,2.0,2.0,10.0,0.0,1.2,1.2,1.0,xa,6.060918854,2.762,1.145,-0.016,-0.009,3.881,-22.5649387,Mn2ZnGe,30.0
25,Mn,54.938045,4,7,bcc,1.8,1.55,7.44,7.0,2.0,0.0,5.0,0.0,30,Zn,65.38,4,12,hex,1.5,1.65,7.134,12.0,2.0,0.0,10.0,0.0,50,Sn,118.71,5,14,tet,1.7,1.96,7.287,4.0,2.0,2.0,10.0,0.0,1.2,1.0588235294117647,0.8823529411764706,l21,6.3057631468,3.145,3.145,-0.046,-0.128,6.115,-22.23137643,Mn2ZnSn,30.0
25,Mn,54.938045,4,7,bcc,1.8,1.55,7.44,7.0,2.0,0.0,5.0,0.0,30,Zn,65.38,4,12,hex,1.5,1.65,7.134,12.0,2.0,0.0,10.0,0.0,50,Sn,118.71,5,14,tet,1.7,1.96,7.287,4.0,2.0,2.0,10.0,0.0,1.2,1.0588235294117647,0.8823529411764706,xa,6.215533366,2.738,1.828,-0.026,-0.066,4.474,-21.576033,Mn2ZnSn,30.0
25,Mn,54.938045,4,7,bcc,1.8,1.55,7.44,7.0,2.0,0.0,5.0,0.0,30,Zn,65.38,4,12,hex,1.5,1.65,7.134,12.0,2.0,0.0,10.0,0.0,82,Pb,207.2,6,14,fcc,1.8,2.33,11.342,4.0,2.0,2.0,10.0,14.0,1.2,1.0,0.8333333333333333,l21,6.4916342089,3.414,3.414,-0.058,-0.106,6.663,-21.04018025,Mn2ZnPb,30.0
25,Mn,54.938045,4,7,bcc,1.8,1.55,7.44,7.0,2.0,0.0,5.0,0.0,30,Zn,65.38,4,12,hex,1.5,1.65,7.134,12.0,2.0,0.0,10.0,0.0,82,Pb,207.2,6,14,fcc,1.8,2.33,11.342,4.0,2.0,2.0,10.0,14.0,1.2,1.0,0.8333333333333333,xa,6.5852283684,3.471,3.355,-0.015,-0.088,6.723,-20.37454328,Mn2ZnPb,30.0
25,Mn,54.938045,4,7,bcc,1.8,1.55,7.44,7.0,2.0,0.0,5.0,0.0,30,Zn,65.38,4,12,hex,1.5,1.65,7.134,12.0,2.0,0.0,10.0,0.0,33,As,74.9216,4,15,rho,1.3,2.18,5.776,5.0,2.0,3.0,10.0,0.0,1.2,1.3846153846153846,1.1538461538461537,l21,6.0898682314,3.028,3.028,-0.046,-0.086,5.924,-23.20209718,Mn2ZnAs,31.0
25,Mn,54.938045,4,7,bcc,1.8,1.55,7.44,7.0,2.0,0.0,5.0,0.0,30,Zn,65.38,4,12,hex,1.5,1.65,7.134,12.0,2.0,0.0,10.0,0.0,33,As,74.9216,4,15,rho,1.3,2.18,5.776,5.0,2.0,3.0,10.0,0.0,1.2,1.3846153846153846,1.1538461538461537,xa,6.1069530317,3.293,-2.432,-0.016,0.058,0.903,-22.91372259,Mn2ZnAs,31.0
25,Mn,54.938045,4,7,bcc,1.8,1.55,7.44,7.0,2.0,0.0,5.0,0.0,30,Zn,65.38,4,12,hex,1.5,1.65,7.134,12.0,2.0,0.0,10.0,0.0,51,Sb,121.76,5,15,rho,1.5,2.05,6.685,5.0,2.0,3.0,10.0,0.0,1.2,1.2,1.0,l21,6.3150423843,3.041,3.041,-0.05,-0.075,5.958,-22.30689429,Mn2ZnSb,31.0
25,Mn,54.938045,4,7,bcc,1.8,1.55,7.44,7.0,2.0,0.0,5.0,0.0,30,Zn,65.38,4,12,hex,1.5,1.65,7.134,12.0,2.0,0.0,10.0,0.0,51,Sb,121.76,5,15,rho,1.5,2.05,6.685,5.0,2.0,3.0,10.0,0.0,1.2,1.2,1.0,xa,6.2026568561,2.784,1.301,-0.025,-0.022,4.038,-21.59175982,Mn2ZnSb,31.0
25,Mn,54.938045,4,7,bcc,1.8,1.55,7.44,7.0,2.0,0.0,5.0,0.0,30,Zn,65.38,4,12,hex,1.5,1.65,7.134,12.0,2.0,0.0,10.0,0.0,83,Bi,208.9804,6,15,rho,1.6,2.02,9.807,5.0,2.0,3.0,10.0,14.0,1.2,1.125,0.9375,l21,6.5471374127,3.305,3.305,-0.069,-0.13,6.412,-21.2372281,Mn2ZnBi,31.0
25,Mn,54.938045,4,7,bcc,1.8,1.55,7.44,7.0,2.0,0.0,5.0,0.0,30,Zn,65.38,4,12,hex,1.5,1.65,7.134,12.0,2.0,0.0,10.0,0.0,83,Bi,208.9804,6,15,rho,1.6,2.02,9.807,5.0,2.0,3.0,10.0,14.0,1.2,1.125,0.9375,xa,6.5685059252,3.218,2.935,-0.048,-0.125,5.98,-20.58727141,Mn2ZnBi,31.0
