pretty_formula,X,Y,Z,energy,energy_per_atom,volume,formation_energy_per_atom,spacegroup,band_gap,density,total_magnetization
Mn3Al,Mn,Mn,Al,-31.50020942,-7.875052355,46.69059768899607,-0.06714692844827663,225,0.0,6.8211636728034835,2.9960903
Mn3Si,Mn,Mn,Si,-34.10966498,-8.527416245,45.250412152148996,-0.28182627094827595,225,0.0,7.078772647934179,2.8462284
Mn3Ga,Mn,Mn,Ga,-30.44982077,-7.6124551925,47.77459938194109,0.016080282176724303,225,0.0,8.151990393940475,3.9979861
Mn3Ge,Mn,Mn,Ge,-32.40951624,-8.10237906,47.869963898939375,-0.07511062719827777,225,0.0,8.236936809178305,2.6534147
Mn3Sn,Mn,Mn,Sn,-30.60331277,-7.6508281925,57.33310259069782,0.22307624030172413,225,0.0,8.211711580525195,7.1389367
Mn3Sb,Mn,Mn,Sb,-31.22546196,-7.80636549,53.6832095097318,0.04939628905172366,225,0.0,8.864364686659357,1.9947556
Mn3Zn,Mn,Mn,Zn,-27.97279125,-6.9931978125,49.433208407917476,0.1932495590517238,225,0.0,7.7335564899606135,4.9993861
Mn2AlCo,Mn,Co,Al,-30.29345008,-7.57336252,47.336515003604994,-0.278881467715518,216,0.0,6.868235049513664,1.9974583
Mn2CoSi,Mn,Co,Si,-32.33479883,-8.0836997075,44.53199111688926,-0.3515341077155174,216,0.0,7.341946189742852,2.9957666
Mn2GaCo,Mn,Co,Ga,-28.49577871,-7.1239446775,51.152838400807944,-0.008833577090517686,216,0.0,7.743307903743011,6.9081243
Mn2CoGe,Mn,Co,Ge,-30.68033277,-7.6700831925,47.13039306098122,-0.15623913396551803,216,0.0,8.506951550910534,2.9997921
Mn2CoAs,Mn,Co,As,-30.41389667,-7.6034741675,47.33310228279193,-0.08060747146551783,216,0.0,8.550562645597617,4.0004775
Mn2InCo,Mn,Co,In,-27.35863639,-6.8396590975,58.83670256168881,0.2063489297844825,216,0.0,8.004768564356366,7.9997351
Mn2CoSn,Mn,Co,Sn,-28.9522697,-7.238067425,57.91945588695616,0.1224126335344824,216,0.0,8.243119653527705,7.3244613
Mn2CoSb,Mn,Co,Sb,-29.40269712,-7.35067428,53.7667326950521,-0.008336875215517736,216,0.0,8.97398121684511,4.0
Mn2SiNi,Mn,Ni,Si,-30.66170276,-7.66542569,45.37589579931538,-0.28305536896551775,216,0.0,7.1966247229825315,3.876892
Mn2GaNi,Mn,Ni,Ga,-27.38865502,-6.847163755,53.031686206867064,-0.06409793334051805,225,0.0,7.4614634612759385,7.341856
Mn2NiSn,Mn,Ni,Sn,-27.84528374,-6.961320935,55.28620688122539,0.06711384478448235,216,0.0,8.62853219796349,3.9946423
Mn2NiSb,Mn,Ni,Sb,-27.9997854,-6.99994635,55.101171390286176,0.010345776034482057,216,0.0,8.749423073354924,4.6604055
Mn2CuGe,Mn,Cu,Ge,-26.49524228,-6.62381057,52.787068549075144,0.13775570728448283,216,0.0,7.7404509188530035,3.934521
Mn2CuSb,Mn,Cu,Sb,-25.43585377,-6.3589634425,60.38480415432419,0.23109618103448248,216,0.0,8.117297043026618,4.773776
Mn2SiRu,Mn,Ru,Si,-34.59524593,-8.6488114825,48.65483003837173,-0.3928779177155164,216,0.0,8.157901138149718,2.0023558
Mn2GeRu,Mn,Ru,Ge,-32.97695797,-8.2442394925,51.39520620866407,-0.1888774689655186,216,0.0,9.16244560392404,1.9999229
Mn2SnRu,Mn,Ru,Sn,-31.29152974,-7.822882435,61.957932049877535,0.0791155885344823,216,0.0,8.835136969176613,7.1484371
Mn2SiRh,Mn,Rh,Si,-31.57013284,-7.89253321,53.85664903616702,-0.11412009146551672,225,0.0,7.426552152078045,7.2410637
Mn2GaRh,Mn,Rh,Ga,-29.34629143,-7.3365728575,53.44340138474234,-0.15746423834051715,216,0.0,8.777695581380843,6.73518
MnAlFe2,Fe,Mn,Al,-30.59298947,-7.6482473675,45.79997843114627,-0.18634536198275864,225,0.0,7.019572677731332,1.8573244
MnAlFe2,Fe,Mn,Al,-30.38269676,-7.59567419,49.184925683706425,-0.1337721844827593,216,0.0,6.536479882137167,6.9721748
MnFe2Si,Fe,Mn,Si,-32.87513342,-8.218783355,43.728962092220115,-0.3191968019827591,225,0.0,7.393942888166583,3.0009148
MnGaFe2,Fe,Mn,Ga,-29.15354503,-7.2883862575,46.125261708883045,-0.005854203857759366,225,0.0,8.508789524735652,4.8681045
MnFe2Ge,Fe,Mn,Ge,-31.16514644,-7.79128661,46.267602449963384,-0.11002159823275903,225,0.0,8.587303319664906,3.0104023
AlFe3,Fe,Fe,Al,-29.94388726,-7.485971815,47.40960635590917,-0.1970715200000006,225,0.0,6.813013991727598,5.8663171
Fe3Si,Fe,Fe,Si,-32.12265634,-8.030664085,43.9643328954172,-0.3040792425000003,225,0.0,7.388613930536537,4.8902705
GaFe3,Fe,Fe,Ga,-28.83595792,-7.20898948,48.35506155059642,-0.09945913687499974,225,0.0,8.147568532223765,6.0369008
Fe3Ge,Fe,Fe,Ge,-30.45264349,-7.6131608725,47.480641742857195,-0.10489757125000043,225,0.0,8.399633106910395,5.2154602
Fe2CoSi,Fe,Co,Si,-30.35576538,-7.588941345,43.56913053064776,-0.20277916624999914,225,0.0,7.573333387695179,4.278658
Fe2CoSi,Fe,Co,Si,-30.97036891,-7.7425922275,44.08757013339564,-0.3564300487499992,216,0.0,7.484276178574466,4.9523577
GaFe2Co,Fe,Co,Ga,-27.6938889,-6.923472225,46.57728047463346,-0.15436454562499957,216,0.0,8.568646392386917,4.9303181
GaFe2Co,Fe,Co,Ga,-27.27477691,-6.8186942275,48.01552039837728,-0.0495865481249993,225,0.0,8.311984187505539,5.9165773
Fe2CoGe,Fe,Co,Ge,-28.73098608,-7.18274652,46.9615078312492,-0.014905882499999912,225,0.0,8.601683749486382,5.1180618
AlFe2Ni,Fe,Ni,Al,-26.8431551,-6.710788775,47.19045902768298,-0.09435642249999976,225,0.0,6.944882454526565,4.2439238
Fe2SiNi,Fe,Ni,Si,-29.35325629,-7.3383140725,44.82906627094075,-0.28419717250000076,216,0.0,7.351599963364856,4.8192629
GaFe2Ni,Fe,Ni,Ga,-25.82313327,-6.4557833175,48.19024695151394,-0.018720916874999105,225,0.0,8.273584025038089,4.4695514
MnAlCo2,Co,Mn,Al,-28.60101206,-7.150253015,46.318087977732745,-0.36919633698275867,225,0.0,7.162480763044559,4.0057951
MnCo2Si,Co,Mn,Si,-30.62263634,-7.655659085,44.6001704479838,-0.43691785948275896,225,0.0,7.479468840669301,5.0027806
MnGaCo2,Co,Mn,Ga,-27.37773368,-6.84443342,46.92899457392006,-0.24274669385775915,225,0.0,8.581608964697487,4.059614
MnCo2Ge,Co,Mn,Ge,-29.05043115,-7.2626077875,47.379756999983336,-0.2621881032327593,225,0.0,8.602198466260763,4.9880416
MnCo2Sn,Co,Mn,Sn,-27.87148401,-6.9678710025,53.755749190280646,-0.1208153182327587,225,0.0,9.005010907425865,5.0025144
MnCo2Sb,Co,Mn,Sb,-27.8947166,-6.97367915,54.62953264414145,-0.14476611948275853,225,0.0,8.953687287326847,5.9920574
AlFeCo2,Co,Fe,Al,-27.91761698,-6.979404245,46.39212825545415,-0.37134927750000024,225,0.0,7.183512825615721,4.978493
FeCo2Si,Co,Fe,Si,-29.56145631,-7.3903640775,44.476975772627036,-0.34462456249999995,225,0.0,7.53404685328475,5.4594807
GaFeCo2,Co,Fe,Ga,-26.67897993,-6.6697449825,46.50631822113434,-0.24105996687500042,225,0.0,8.691987029092338,4.9966913
FeCo2Ge,Co,Fe,Ge,-27.98500754,-6.996251885,47.00148682894171,-0.16883391125000102,225,0.0,8.703471630482957,5.6735775
InFeCo2,Co,Fe,In,-25.17969291,-6.2949232275,53.62847133081199,0.0646587150000002,225,0.0,8.933954522063628,5.0294974
ZnCo3,Co,Co,Zn,-22.39841078,-5.599602695,46.03698729977973,0.04657155375000066,225,0.0,8.736384399774375,4.2636866
AlCo2Ni,Co,Ni,Al,-24.66630573,-6.1665764325,45.44864001298096,-0.23098940750000008,225,0.0,7.436709386935059,2.472558
GaCo2Ni,Co,Ni,Ga,-23.47978066,-5.869945165,45.874773479731985,-0.11372809187499922,225,0.0,8.914751250094522,2.5604715
LiCo2Si,Co,Li,Si,-23.23181956,-5.80795489,41.095673578001374,-0.40248677083333284,225,0.0,6.177891606241528,0.0119885
LiCo2Ge,Co,Li,Ge,-21.64612386,-5.411530965,44.155436869071934,-0.22438438708333308,225,0.0,7.425339390603052,0.0063444
MgCo2Si,Co,Mg,Si,-22.51641823,-5.6291045575,46.54406448623434,-0.30079714249999956,225,0.0,6.074205601155316,0.0096523
MnAlNi2,Ni,Mn,Al,-26.08534213,-6.5213355325,48.348088548374044,-0.404369411982759,225,0.0,6.845276537860061,3.9444221
MnSiNi2,Ni,Mn,Si,-27.6014048,-6.9003512,45.937673910603934,-0.3457005319827591,225,0.0,7.244363479763941,3.7356053
MnGaNi2,Ni,Mn,Ga,-24.90899026,-6.227247565,48.40404194491519,-0.28965139635775916,225,0.0,8.303643383051481,3.9210095
MnNi2Ge,Ni,Mn,Ge,-26.23996328,-6.55999082,48.760391579252385,-0.22366169323275908,225,0.0,8.342297547077049,3.8746726
MnInNi2,Ni,Mn,In,-23.82347224,-5.95586806,55.354034271241005,-0.08737496448275905,225,0.0,8.613860183717348,4.1250437
MnNi2Sn,Ni,Mn,Sn,-25.41621392,-6.35405348,55.34783092067433,-0.17108835323275873,225,0.0,8.731592942766177,4.0110981
MnNi2Sb,Ni,Mn,Sb,-25.32692179,-6.3317304475,55.4491187603648,-0.16690797448275863,225,0.0,8.806981696642797,3.9561707
MnNi2Sb,Ni,Mn,Sb,-24.86541822,-6.216354555,54.96817119120643,-0.05153208198275827,216,0.0,8.88403895262988,3.2774947
MnZnNi2,Ni,Mn,Zn,-22.66434091,-5.6660852275,48.243824397949204,-0.1705771619827594,225,0.0,8.182733064841978,4.2700013
GaFeNi2,Ni,Fe,Ga,-23.89624154,-5.974060385,47.52342595140627,-0.20946592687499965,225,0.0,8.489201456782842,3.1076826
AlNi3,Ni,Ni,Al,-22.63473106,-5.658682765,45.2719661695828,-0.38718629749999955,225,0.0,7.4481401716448685,1.67e-05
Ni3Sn,Ni,Ni,Sn,-21.89566477,-5.4739161925,51.94204115883341,-0.13642071874999928,225,0.0,9.42417033735648,0.0017813
Ni3Sb,Ni,Ni,Sb,-21.8892405,-5.472310125,51.82920224621061,-0.15295730499999927,225,0.0,9.542405946256235,0.0025595
GaCuNi2,Ni,Cu,Ga,-19.71999932,-4.92999983,46.79359421395364,-0.2581058168750001,225,0.0,8.89488732724361,0.0005709
CuNi2Sn,Ni,Cu,Sn,-20.21209034,-5.053022585,53.33112882077918,-0.13575961374999945,225,0.0,9.329796432727012,0.0036588
CuNi2Sb,Ni,Cu,Sb,-20.15395511,-5.0384887775,53.39954544197287,-0.13936845999999914,225,0.0,9.412687232042671,3.39e-05
ZnCuNi2,Ni,Cu,Zn,-17.40013179,-4.3500329475,46.496347229473045,-0.1202270375000003,225,0.0,8.797684270072494,0.0022351
InNi2Au,Ni,Au,In,-17.90435498,-4.476088745,60.18837999801883,-0.07962908749999986,225,0.0,11.840422096659886,0.0113571
LiAlNi2,Ni,Li,Al,-18.81294988,-4.70323747,45.96269497543891,-0.3995444558333334,225,0.0,5.466499908697053,0.0058836
LiSiNi2,Ni,Li,Si,-20.92357349,-5.2308933725,42.480295560242766,-0.48951581083333284,225,0.0,5.957779614798409,0.010803
LiGaNi2,Ni,Li,Ga,-17.85438142,-4.463595355,46.077102472355136,-0.33927229270833337,225,0.0,6.993255153105835,0.0091492
LiNi2Ge,Ni,Li,Ge,-19.54247687,-4.8856192175,45.64763905530264,-0.3625631970833343,225,0.0,7.165161956481541,0.0029576
LiNi2Sn,Ni,Li,Sn,-18.57443349,-4.6436083725,53.80836513885721,-0.27391635208333387,225,0.0,7.500204856978278,0.0004019
LiNi2Sb,Ni,Li,Sb,-18.83472002,-4.708680005,53.42758259904997,-0.35713063833333347,225,0.0,7.648453960200582,0.0042244
LiZnNi2,Ni,Li,Zn,-15.29616565,-3.8240414125,46.763709644332195,-0.14180645333333342,225,0.0,6.737390407389485,0.0018634
MgAlNi2,Ni,Mg,Al,-18.58361429,-4.6459035725,51.29025682959141,-0.41937126250000034,225,0.0,5.4608552491699625,0.0024331
MgGaNi2,Ni,Mg,Ga,-17.53256693,-4.3831417325,51.643213028704054,-0.33597937437500036,225,0.0,6.797844558244274,0.0021197
MgInNi2,Ni,Mg,In,-16.69747027,-4.1743675675,58.98125279680348,-0.1963082825,225,0.0,7.2216937360278814,0.0008802
MgNi2Sn,Ni,Mg,Sn,-18.27435946,-4.568589865,58.55765804761721,-0.27605854875,225,0.0,7.384300812736397,0.0016372
MgNi2Sb,Ni,Mg,Sb,-18.24158089,-4.5603952225,58.66510647411304,-0.2860065600000006,225,0.0,7.457107510051682,0.0001719
MgZnNi2,Ni,Mg,Zn,-15.24766678,-3.811916695,51.40058806431292,-0.20684243999999996,225,0.0,6.690564876297202,0.0028854
MgZn2Rh,Zn,Rh,Mg,-12.84228987,-3.2105724675,59.90171827292802,-0.33955368250000006,225,0.0,7.152823272848237,0.0007182
MgZn2Ir,Zn,Ir,Mg,-14.0871657,-3.521791425,59.80669458445983,-0.2822420025000003,225,0.0,9.643931058224917,0.0031957
MgZn2Pt,Zn,Pt,Mg,-12.00811312,-3.00202828,61.33929283688078,-0.45435953500000004,225,0.0,9.480585412734571,0.0007972
LiAlZn2,Zn,Li,Al,-8.7324886,-2.18312215,60.12141451124549,-0.13962567083333344,225,0.0,4.550094212218796,0.0003944
LiZn3,Zn,Li,Zn,-6.36570007,-1.5914250175,57.79613742825347,-0.1693865933333334,225,0.0,5.837213628709853,3.72e-05
Sc2MnSi,Sc,Mn,Si,-28.05351908,-7.01337977,64.90111280564861,-0.18256288948275756,216,0.0,4.424668912555123,1.0008547
Sc2MnSi,Sc,Mn,Si,-28.40024649,-7.1000616225,65.33781036033325,-0.2692447419827575,225,0.0,4.395095804981639,0.375598
Sc2MnGe,Sc,Mn,Ge,-27.69924297,-6.9248107425,72.59053421652271,-0.3123154032327582,225,0.0,4.975172423817386,2.5960569
Sc2MnGe,Sc,Mn,Ge,-27.19543929,-6.7988598225,67.30749713716108,-0.186364483232758,216,0.0,5.365679001972899,1.0010671
Sc2MnSn,Sc,Mn,Sn,-26.55009701,-6.6375242525,76.72867971828792,-0.1783929132327584,216,0.0,5.703883612611752,1.0002808
Sc2MnSn,Sc,Mn,Sn,-26.88528219,-6.7213205475,81.90356735763451,-0.2621892082327584,225,0.0,5.343496907179382,2.6752959
Sc2GaNi,Sc,Ni,Ga,-23.6262173,-5.906554325,69.56529116587261,-0.5382615968749995,225,0.0,5.2115435617015295,0.0089426
Sc2AlCu,Sc,Cu,Al,-21.88078214,-5.470195535,74.53962377498324,-0.34276535749999937,225,0.0,4.01969577488346,3.94e-05
Sc2GaCu,Sc,Cu,Ga,-21.66540498,-5.416351245,72.68048377994964,-0.46829101937500006,225,0.0,5.099037016457179,0.0003539
Sc2ZnCu,Sc,Cu,Zn,-19.29503247,-4.8237581175,72.35151288610608,-0.3177859949999995,225,0.0,5.023210948011268,9.48e-05
Sc2AlRu,Sc,Ru,Al,-27.80335789,-6.9508394725,71.72245249840516,-0.5296135487499996,225,0.0,5.046351122653668,0.0002217
Sc2GaRu,Sc,Ru,Ga,-27.37734918,-6.844337295,70.68683510262744,-0.6024813231249997,225,0.0,6.124344716729095,1.2e-06
Sc2ZnRu,Sc,Ru,Zn,-25.17529544,-6.29382386,70.24093897875858,-0.49405599124999977,225,0.0,6.061237018749339,0.0005205
MgSc2Ru,Sc,Ru,Mg,-24.76408101,-6.1910202525,75.35739241140128,-0.3061182737500001,225,0.0,4.743956370259851,0.000345
Sc2GaPd,Sc,Pd,Ga,-23.8716104,-5.9679026,75.00337788192031,-0.749673589375,225,0.0,5.890327097066418,0.000944
Sc2ZnPd,Sc,Pd,Zn,-21.64284759,-5.4107118975,74.36790618246907,-0.6345709899999994,225,0.0,5.844333744043629,7.3e-06
Sc2AlAg,Sc,Ag,Al,-20.68714793,-5.1717869825,81.04142093956997,-0.3610194716666655,225,0.0,4.605365392663385,0.0121509
Sc2GaAg,Sc,Ag,Ga,-20.40713212,-5.10178303,79.23828678340044,-0.4703854710416664,225,0.0,5.60586605058569,0.0146416
Sc2InAg,Sc,Ag,In,-19.75521223,-4.9388030575,86.70557323090308,-0.3765085716666672,225,0.0,5.98671125340022,0.0007389
Sc2ZnAg,Sc,Ag,Zn,-18.04444091,-4.5111102275,78.72076387733203,-0.3218007716666662,225,0.0,5.551720216197891,0.0003011
Sc2AlCd,Sc,Cd,Al,-18.77425551,-4.6935638775,83.92088434434069,-0.3602129274999992,225,0.0,4.537235936131904,0.0082124
Sc2CdGa,Sc,Cd,Ga,-18.37486755,-4.5937168875,82.15581931212802,-0.4397358893750001,225,0.0,5.49860889270811,0.0231402
Sc2CdIn,Sc,Cd,In,-17.835345,-4.45883625,89.9326624576641,-0.37395832499999937,225,0.0,5.8557671203565675,0.1660267
MgSc2Cd,Sc,Cd,Mg,-15.86369318,-3.965923295,90.33081299921064,-0.16889628999999973,225,0.0,4.166068507916979,0.0011368
Sc2AlIr,Sc,Ir,Al,-28.19606396,-7.04901599,71.94217116167945,-0.736779874999999,225,0.0,7.13475593938704,0.0001464
Sc2GaIr,Sc,Ir,Ga,-27.75280862,-6.938202155,71.49530301935651,-0.8053359918750003,225,0.0,8.172057110496963,0.0012974
Sc2ZnIr,Sc,Ir,Zn,-25.68694882,-6.421737205,70.72089452667886,-0.7309591450000008,225,0.0,8.160249353964957,0.0014723
MgSc2Ir,Sc,Ir,Mg,-25.37001492,-6.34250373,75.01426854949973,-0.56659156,225,0.0,6.7833139737123,0.0106192
Sc2GaPt,Sc,Pt,Ga,-25.40342939,-6.3508573475,74.20786565529711,-0.9098718618749997,225,0.0,7.937493683573741,0.0015004
Sc2ZnPt,Sc,Pt,Zn,-23.33766182,-5.834415455,73.16949257639624,-0.8355180725000002,225,0.0,7.9522336275542225,0.0028076
Sc2GaAu,Sc,Au,Ga,-21.75463157,-5.4386578925,78.73791342255402,-0.6969289493749997,225,0.0,7.5205262438521965,4.34e-05
Sc2ZnAu,Sc,Au,Zn,-19.59464079,-4.8986601975,77.53547688831382,-0.5990193574999996,225,0.0,7.544765341287747,0.0081191
LiSc2Ga,Sc,Li,Ga,-18.98100204,-4.74525051,77.16014385494037,-0.3447612352083329,225,0.0,3.5848256558865335,0.0004292
MgSc2Al,Sc,Mg,Al,-19.14843671,-4.7871091775,82.93530413995052,-0.2844106549999994,225,0.0,2.827087929183932,0.0017468
MgSc2Ga,Sc,Mg,Ga,-18.68083749,-4.6702093725,81.79640108597917,-0.3468808018749989,225,0.0,3.734140617439512,0.0064802
MgSc2In,Sc,Mg,In,-18.18776238,-4.546940595,90.27382995155776,-0.29271509749999947,225,0.0,4.212973716390909,0.0090833
Ti2MnAl,Ti,Mn,Al,-29.6986705,-7.424667625,60.96457800321936,-0.2500238361494258,216,0.056700000000000195,4.8388871956714095,0.000174
Ti2MnSi,Ti,Mn,Si,-31.78497654,-7.946244135,54.70766094832393,-0.333915798649425,216,0.0,5.425819378430244,0.0265733
Ti2MnGa,Ti,Mn,Ga,-29.04216003,-7.2605400075,60.291652889947166,-0.26526617052442614,216,0.08030000000000026,6.07007047850543,0.0005734
Ti2MnGe,Ti,Mn,Ge,-30.55263678,-7.638159195,56.29001773433308,-0.24415239989942616,216,0.0,6.587640041524861,0.1136331
Ti2MnIn,Ti,Mn,In,-27.91683478,-6.979208695,63.96528664757499,-0.05303793114942579,216,0.0461999999999998,6.892122503020245,0.0011558
Ti2MnSn,Ti,Mn,Sn,-29.54117758,-7.385294395,65.77122743297572,-0.14465159989942578,216,0.0,6.8011412744112265,1.049192
Ti2AlFe,Ti,Fe,Al,-28.93544633,-7.2338615825,57.45047160314902,-0.23221950416666726,216,0.0,5.16108470173437,1.000035
Ti2FeSi,Ti,Fe,Si,-31.14935508,-7.78733877,54.09833963525713,-0.3480121441666659,216,0.0,5.514770381912436,2.0019896
Ti2GaFe,Ti,Fe,Ga,-28.24125321,-7.0603133025,57.07553212131123,-0.23804117604166652,216,0.0,6.438496547621338,0.9940651
Ti2InFe,Ti,Fe,In,-26.86018526,-6.715046315,64.92327377390623,0.03812273833333357,216,0.0,6.813621680039696,0.6612241
Ti2AlCo,Ti,Co,Al,-27.70290227,-6.9257255675,57.7472205060737,-0.2645061529166677,216,0.0,5.223365140309928,2.0004377
Ti2CoSi,Ti,Co,Si,-29.78137821,-7.4453445525,54.79120710010138,-0.34644059041666697,216,0.0,5.538625732766032,3.000764
Ti2GaCo,Ti,Co,Ga,-27.00970664,-6.75242666,57.37987354888632,-0.27057719729166774,216,0.0,6.4937174293707365,1.9995973
Ti2CoGe,Ti,Co,Ge,-28.62578327,-7.1564458175,56.99247791965436,-0.2758633966666668,216,0.0,6.62284728080925,3.0051304
Ti2InCo,Ti,Co,In,-25.89324338,-6.473310845,64.18819842378021,-0.06056445541666733,216,0.0,6.971541578615707,1.9987334
Ti2InCo,Ti,Co,In,-25.97061273,-6.4926531825,65.84090684219058,-0.0799067929166668,225,0.0,6.7965451211110715,1.9997467
Ti2AlNi,Ti,Ni,Al,-26.37447577,-6.5936189425,59.08434471118978,-0.2644448066666678,216,0.0,5.098417034972896,2.996793
Ti2AlNi,Ti,Ni,Al,-26.40033925,-6.6000848125,60.26358676572779,-0.27091067666666735,225,0.0,4.998650856059824,1.2945978
Ti2GaNi,Ti,Ni,Ga,-25.65923811,-6.4148095275,58.3856381461269,-0.2650053435416675,216,0.0,6.375035159544758,3.0029911
Ti2InNi,Ti,Ni,In,-24.62129477,-6.1553236925,66.33369541101591,-0.07462258166666658,225,0.0,6.7400512278424305,1.0503877
Ti2InNi,Ti,Ni,In,-24.71166524,-6.17791631,65.75336884006855,-0.09721519916666654,216,0.0,6.799537622016046,3.0023676
Ti2AlCu,Ti,Cu,Al,-23.86366241,-5.9659156025,62.7309158286466,-0.05697396916666708,216,0.0,4.93049650821584,3.7580484
MnAlV2,V,Mn,Al,-31.69691158,-7.924227895,52.61736722999949,-0.1553770794827587,216,0.0,5.800582330082793,1.998056
V2NiSb,V,Ni,Sb,-27.75706049,-6.9392651225,59.09369137680514,0.03197239250000017,216,0.0,7.933683125898358,0.844381
Y2FeB,Y,Fe,B,-25.45132994,-6.362832485,67.15332325637026,0.6577531268749999,216,0.0,6.045094221503624,0.9991606
Y2ZnCu,Y,Cu,Zn,-19.45429465,-4.8635736625,87.24878740324627,-0.2906005358333337,225,0.0,5.838454663302392,0.0001466
Y2AlRu,Y,Ru,Al,-27.37579915,-6.8439497875,86.74023092292904,-0.3557228595833326,225,0.0,5.855389723176752,0.0082566
Y2ZnRu,Y,Ru,Zn,-24.90283484,-6.22570871,85.00153278220755,-0.35893983708333366,225,0.0,6.725857039330119,3.31e-05
Y2MgRu,Y,Ru,Mg,-24.59075593,-6.1476889825,90.70464880301223,-0.19578599958333331,225,0.0,5.550469203810144,9.31e-05
Y2ZnRh,Y,Rh,Zn,-23.95077196,-5.98769299,86.01413574263655,-0.5984445633333335,225,0.0,6.682111865816292,0.0133909
Y2AlAg,Y,Ag,Al,-21.00555368,-5.25138842,97.82810929588994,-0.3736199049999991,225,0.0,5.30713040609147,0.0004925
Y2GaAg,Y,Ag,Ga,-20.75272155,-5.1881803875,95.76916771631423,-0.48978182437500006,225,0.0,6.162321485147453,8.48e-05
Y2ZnAg,Y,Ag,Zn,-18.39897067,-4.5997426675,95.00761616757386,-0.34343220750000025,225,0.0,6.136316832445669,8.3e-05
Y2AlCd,Y,Cd,Al,-19.14652411,-4.7866310275,100.16315740315015,-0.3862790733333332,225,0.0,5.258720311365124,0.0014881
Y2MgCd,Y,Cd,Mg,-16.35954522,-4.089886305,107.61761536173626,-0.2258582958333335,225,0.0,4.853160252829247,0.0022505
Y2ZnIr,Y,Ir,Zn,-25.54622784,-6.38655696,85.53277069328038,-0.6287778958333341,225,0.0,8.45361732187235,0.0112016
Y2ZnPt,Y,Pt,Zn,-23.41868047,-5.8546701175,88.17350401072918,-0.788771730833334,225,0.0,8.254430688564105,0.0003049
Y2ZnAu,Y,Au,Zn,-19.90127057,-4.9753176425,93.33385226560196,-0.6086757983333335,225,0.0,7.831543850931918,0.0007498
LiY2Al,Y,Li,Al,-19.56345422,-4.890863555,97.7990619844138,-0.24400332416666703,225,0.0,3.5950546743294827,0.0023886
LiY2Ga,Y,Li,Ga,-19.25989631,-4.8149740775,94.26725699689061,-0.3474837985416661,225,0.0,4.482647048532662,0.0002179
Y2MgAl,Y,Mg,Al,-19.47667013,-4.8691675325,100.03644559392767,-0.299468005833333,225,0.0,3.8028797707266837,0.004213
YMg,Y,Mg,Mg,-7.37646683,-3.688233415,60.57378461434206,0.3451421666666663,225,0.0,3.103504930142369,0.002437
YMg,Y,Mg,Mg,-5.62337031,-2.811685155,89.11838040356086,1.2216904266666662,216,0.0,2.1094530481445,0.0001411
HfMg,Hf,Mg,Mg,-7.2205686,-3.6102843,70.60790068216173,2.16845015,216,0.0,4.769282428137999,0.320299
HfMg,Hf,Mg,Mg,-9.61812229,-4.809061145,46.89969140439414,0.9696733049999997,225,0.0,7.180196925125102,6.65e-05
FePbW2,W,Fe,Pb,-34.69253318,-8.673133295,65.99676973991038,0.8515938200000015,216,0.0,15.869617663240303,1.9511508
Li2CoSb,Li,Co,Sb,-15.34861008,-3.83715252,61.694115147549255,-0.12136132791666654,225,0.0,5.237123701605563,1.8919601
Li2CuGe,Li,Cu,Ge,-13.81908476,-3.45477119,52.862685231443564,-0.31975112541666695,216,0.0,4.713982567391494,0.0005958
Li2CuSn,Li,Cu,Sn,-13.24557038,-3.311392595,62.25348644540491,-0.3297365304166666,216,0.0,5.231752148217734,0.0008823
Li2CuSb,Li,Cu,Sb,-13.74521075,-3.4363026875,63.520109932708664,-0.4727892766666666,216,0.5274999999999999,5.207161258825238,0.0016967
Li2AlRh,Li,Rh,Al,-16.89079915,-4.2226997875,54.24173983482925,-0.4907674291666666,216,0.0,4.4012988132347735,9.6e-06
Li2GaRh,Li,Rh,Ga,-16.15866979,-4.0396674475,54.201562267335376,-0.48710504104166663,216,0.0,5.714004516208291,0.0005062
Li2InRh,Li,Rh,In,-15.43512577,-3.8587814425,63.21665799486576,-0.375322109166667,216,0.0,6.0836809946622195,0.0003508
Li2AlPd,Li,Pd,Al,-14.88314863,-3.7207871575,56.95486965157145,-0.5349613141666669,216,0.0,4.294102878447042,0.0067151
Li2GaPd,Li,Pd,Ga,-14.23007924,-3.55751981,56.97389557587856,-0.5510639185416664,216,0.0,5.538394960380049,0.0068776
Li2GePd,Li,Pd,Ge,-15.23865738,-3.809664345,55.23312510716777,-0.4044754954166665,225,0.0,5.800644594458398,0.0023226
Li2GePd,Li,Pd,Ge,-15.83508125,-3.9587703125,56.25033306210289,-0.5535814629166667,216,0.0,5.69574811644608,0.0031118
Li2InPd,Li,Pd,In,-13.72991042,-3.432477605,66.25228085868278,-0.4951247866666666,216,0.0,5.893018931254261,0.002899
Li2SnPd,Li,Pd,Sn,-15.35270732,-3.83817683,65.15905333915651,-0.5863519804166666,216,0.0,6.091076267182259,0.0025255
Li2SnPd,Li,Pd,Sn,-14.87415886,-3.718539715,62.52592040059856,-0.4667148654166664,225,0.0,6.347587701922094,0.0005365
Li2SbPd,Li,Pd,Sb,-15.77439411,-3.9435985275,65.19229286048201,-0.6619163316666663,216,0.0,6.165658391545599,0.0030409
Li2PdPb,Li,Pd,Pb,-14.45658896,-3.61414724,70.50483195074234,-0.43655358666666677,216,0.0,7.713370138511579,0.0001469
Li2PdPb,Li,Pd,Pb,-14.22687803,-3.5567195075,66.84200912493881,-0.3791258541666669,225,0.0,8.136049058207165,0.0026242
Li2AlAg,Li,Ag,Al,-11.38134082,-2.845335205,63.02401277300206,-0.24634081333333313,216,0.0,3.9187422622260746,0.0035625
Li2GaAg,Li,Ag,Ga,-10.87939754,-2.719849385,62.85619533701223,-0.300224945208333,216,0.0,5.058351481539549,0.0042273
Li2AgGe,Li,Ag,Ge,-12.25112853,-3.0627821325,61.48214142079717,-0.2444247345833337,225,0.0,5.250183448473679,4.5e-05
Li2InAg,Li,Ag,In,-10.57082976,-2.64270744,72.21318939554912,-0.29218607333333324,216,0.0,5.439875198746647,0.0003443
Li2AgSn,Li,Ag,Sn,-12.1544312,-3.0386078,71.72995629396209,-0.3736144020833332,216,0.0,5.566622045970214,0.0005447
Li2AgSn,Li,Ag,Sn,-11.9262763,-2.981569075,69.93823858181216,-0.31657567708333323,225,0.0,5.709230946606765,0.0004294
Li2AgSb,Li,Ag,Sb,-12.6120349,-3.153008725,73.88228428198484,-0.5061579808333332,216,0.14780000000000015,5.473006203656001,0.0003243
Li2AgPb,Li,Ag,Pb,-11.46189247,-2.8654731175,77.58352744569875,-0.2747109158333334,216,0.0,7.0406009632418,0.0004536
Li2AgPb,Li,Ag,Pb,-11.37615187,-2.8440379675,74.58542401432501,-0.2532757658333331,225,0.0,7.323611352815697,0.001789
Li2AgBi,Li,Ag,Bi,-11.94554422,-2.986386055,76.74390048915537,-0.3512770433333334,225,0.0,7.1561528449764396,9.07e-05
Li2AgBi,Li,Ag,Bi,-11.96276092,-2.99069023,80.62451148833905,-0.3555812183333331,216,0.0,6.811713605228962,0.0012826
Li2MgAg,Li,Ag,Mg,-8.98753886,-2.246884715,71.8553797082087,-0.18421426833333365,216,0.0,3.3752568905062765,0.0026563
Li2CdGe,Li,Cd,Ge,-10.39401135,-2.5985028375,67.13615187371812,-0.25756200041666677,225,0.0,4.920389520645951,0.0005763
Li2CdIn,Li,Cd,In,-8.65232753,-2.1630818825,78.79549022559016,-0.28997707666666694,216,0.0,5.08118210497489,0.0020697
Li2CdIn,Li,Cd,In,-8.59175031,-2.1479375775,75.16065527098226,-0.27483277166666675,225,0.0,5.326912510854166,0.0014729
Li2CdSn,Li,Cd,Sn,-10.04090512,-2.51022628,76.22616353339518,-0.32264944291666664,225,0.0,5.337236377585261,0.0011685
Li2CdSb,Li,Cd,Sb,-10.49922534,-2.624806335,79.23410304124207,-0.4553721516666669,225,0.0,5.198540543494652,0.0006711
Li2CdPb,Li,Cd,Pb,-9.54224739,-2.3855618475,81.16904088861214,-0.2722162066666667,225,0.0,6.822529241137403,0.0008158
Li2CdPb,Li,Cd,Pb,-9.41053837,-2.3526345925,85.90466339339049,-0.23928895166666653,216,0.0,6.446427156133197,0.0005502
Li2CdBi,Li,Cd,Bi,-10.04322108,-2.51080527,84.0530318916258,-0.3531128191666668,225,0.0,6.623610905667708,0.0005294
Li2MgCd,Li,Cd,Mg,-7.03850392,-1.75962598,75.48592805219364,-0.17437209416666666,225,0.0,3.312854048491222,0.001975
Li2MgCd,Li,Cd,Mg,-7.07119523,-1.7677988075,78.79813012436502,-0.18254492166666658,216,0.0,3.173601479592749,0.0002048
Li2GaIr,Li,Ir,Ga,-16.57466293,-4.1436657325,51.17914573805053,-0.22257268854166634,225,0.0,8.949215541267286,0.0002093
Li2GaIr,Li,Ir,Ga,-17.44098456,-4.36024614,54.02451971027515,-0.43915309604166675,216,0.0,8.47787650651957,0.0001484
Li2InIr,Li,Ir,In,-16.17755856,-4.04438964,57.94458207828517,-0.19239966916666695,225,0.0,9.196635759942353,0.0001286
Li2InIr,Li,Ir,In,-16.56657673,-4.1416441825,63.118219144062664,-0.28965421166666694,216,0.0,8.442811328687496,0.0010655
Li2SnIr,Li,Ir,Sn,-17.60082489,-4.4002062225,57.665885291672915,-0.23374422041666598,225,0.0,9.353156219751366,0.0013625
Li2SnIr,Li,Ir,Sn,-18.31960032,-4.57990008,62.145553197380956,-0.4134380779166662,216,0.0,8.678948145657666,0.0016625
Li2AlPt,Li,Pt,Al,-16.44761986,-4.111904965,55.45763827705782,-0.7033226466666664,216,0.0,7.06485378183684,0.0021514
Li2GaPt,Li,Pt,Ga,-15.57812546,-3.894531365,56.00121872000754,-0.6653189985416668,216,0.0,8.263641086909992,0.0020226
Li2GePt,Li,Pt,Ge,-16.26719902,-4.066799755,54.28372546903016,-0.4388544304166664,225,0.0,8.61432704458989,0.0012056
Li2InPt,Li,Pt,In,-14.91346088,-3.72836522,65.0230911197275,-0.5682559266666667,216,0.0,8.268693042445866,0.0006917
Li2SnPt,Li,Pt,Sn,-16.50696887,-4.1267422175,64.39917755840432,-0.6521608929166671,216,0.0,8.449157579594152,0.000121
Li2SnPt,Li,Pt,Sn,-15.91934425,-3.9798360625,60.96077242527824,-0.5052547379166668,225,0.0,8.925720222035688,0.0001522
Li2SbPt,Li,Pt,Sb,-16.72711648,-4.18177912,64.39978483447132,-0.6773404491666666,216,0.0,8.527721711368043,3.6e-06
Li2SiAu,Li,Au,Si,-14.34339731,-3.5858493275,56.644507786157774,-0.43883900416666677,216,0.0,7.004374676782982,0.0003291
Li2GaAu,Li,Au,Ga,-12.16647535,-3.0416188375,60.95866478871987,-0.5116630135416669,216,0.0,7.642884779654331,0.0007537
Li2GeAu,Li,Au,Ge,-13.65511605,-3.4137790125,61.151069394123084,-0.48509023041666666,216,0.0,7.698047612627203,0.0004759
Li2InAu,Li,Au,In,-11.75111652,-2.93777913,70.26867596166917,-0.4769263791666667,216,0.0,7.6959193141062645,0.0007249
Li2SnAu,Li,Au,Sn,-13.22578679,-3.3064466975,70.21314496631906,-0.5311219154166671,216,0.0,7.794051652575919,0.000862
Li2SbAu,Li,Au,Sb,-13.37199792,-3.34299948,72.41112045473598,-0.5858173516666669,216,0.0,7.6274130167018885,0.0003533
Li2PbAu,Li,Au,Pb,-12.3477941,-3.086948525,72.36135769493319,-0.3858549391666668,225,0.0,9.593324429971734,0.0005298
Li2PbAu,Li,Au,Pb,-12.44521905,-3.1113047625,76.59491914389966,-0.41021117666666695,216,0.0,9.063081315570702,0.0006822
Li2BiAu,Li,Au,Bi,-12.70765431,-3.1769135775,74.11232510076499,-0.43147318166666704,225,0.0,9.406565012864565,1.86e-05
Li2BiAu,Li,Au,Bi,-12.7387594,-3.18468985,79.06067720960505,-0.4392494541666667,216,0.0,8.817814733190836,0.0003134
Li2ZnAu,Li,Au,Zn,-9.93101956,-2.48275489,59.45587136503245,-0.39488716916666666,225,0.0,7.71557922264747,0.0083603
Li2MgAu,Li,Au,Mg,-10.44652863,-2.6116321575,67.92346910488943,-0.43863032666666646,216,0.0,5.748847830076601,0.0017415
Li3Ga,Li,Li,Ga,-9.61193521,-2.4029838025,63.75199942066663,-0.21426764687500022,225,0.0,2.3584385068811287,0.0012298
Li3Ge,Li,Li,Ge,-11.65926553,-2.9148163825,60.377008801011144,-0.3273672687500002,225,0.0,2.5704977087078986,0.0065518
Li3In,Li,Li,In,-9.44019195,-2.3600479875,73.5535425896382,-0.2404349050000003,225,0.0,3.062220684451719,0.0045784
Li3Sn,Li,Li,Sn,-11.27695618,-2.819239045,71.06909440480554,-0.3851539312500001,225,0.0,3.2602075419752454,0.0036665
Li3Sb,Li,Li,Sb,-12.40440292,-3.10110073,70.63172983860775,-0.6851582700000001,225,0.8066999999999998,3.3521002851555632,0.0002925
Li3Pb,Li,Li,Pb,-10.7479098,-2.68697745,74.88365010001658,-0.32712353250000037,225,0.0,5.0563921373705565,0.0009172
Li3Bi,Li,Li,Bi,-11.73482585,-2.9337064625,76.4402757952696,-0.5295057349999999,225,0.3798999999999997,4.99210029486996,0.0018188
Li3Zn,Li,Li,Zn,-7.40074581,-1.8501864525,66.28904845535371,-0.10355840000000005,225,0.0,2.1601095222763997,0.0041347
Li3Mg,Li,Li,Mg,-7.43666559,-1.8591663975,80.37111138610817,-0.027404234999999888,225,0.0,0.93238485452221,0.0116184
Li2MgSi,Li,Mg,Si,-93.81959202,-2.931862250625,513.0473853566838,-0.20325229979166703,225,0.0,1.7159908177251926,0.0001865
Li2MgSi,Li,Mg,Si,-11.78627794,-2.946569485,64.60441094807379,-0.2179595341666669,216,0.10009999999999986,1.7034142665537235,0.0023725
Li2MgGa,Li,Mg,Ga,-9.3950762,-2.34876905,69.61152509571343,-0.23721359854166657,216,0.0,2.5741250522873567,0.0048953
Li2MgGe,Li,Mg,Ge,-11.15918335,-2.7897958375,63.3576597666647,-0.2795074279166663,225,0.0,2.9046616275259893,0.0002846
Li2MgGe,Li,Mg,Ge,-11.36413833,-2.8410345825,67.0543938343794,-0.3307461729166663,216,0.10450000000000026,2.74452653451209,0.0003225
Li2MgIn,Li,Mg,In,-9.06911904,-2.26727976,75.8325191098385,-0.2248273816666666,225,0.0,3.3504198840754307,0.0037796
Li2MgSn,Li,Mg,Sn,-10.8236831,-2.705920775,78.32237536205677,-0.3489963654166668,216,0.04749999999999943,3.3264261550800143,0.0005395
Li2MgSn,Li,Mg,Sn,-10.75360338,-2.688400845,74.0586529221293,-0.3314764354166666,225,0.0,3.5179359555227703,0.0001088
Li2MgSb,Li,Mg,Sb,-10.83104157,-2.7077603925,83.78228942104359,-0.36897863666666675,216,0.0,3.170100076290824,0.0098584
Li2MgPb,Li,Mg,Pb,-10.18535351,-2.5463383775,82.3336692174358,-0.26364516416666683,216,0.0,4.949065234292792,1.38e-05
Li2MgPb,Li,Mg,Pb,-10.15445762,-2.538614405,79.68658867911718,-0.2559211916666668,225,0.0,5.113466477735641,0.0001918
Li2MgBi,Li,Mg,Bi,-10.41423112,-2.60355778,90.27839379846428,-0.2765177566666668,216,0.0,4.546282963409686,0.0269906
Li2MgZn,Li,Mg,Zn,-7.20313255,-1.8007831375,70.38182316329898,-0.13131578916666675,216,0.0,2.4441709153279954,0.0001784
Be2CoSi,Be,Co,Si,-20.8471104,-5.2117776,37.7415357836144,-0.19091321375000003,216,0.0,4.621648258956044,0.0032053
MgBe2B,Be,Mg,B,-13.01230699,-3.2530767475,40.59721375824732,0.686547640208333,216,0.0,2.17358883200249,0.0016921
